,transaction_date
0,2007-01-15 00:00:00.005
1,2007-01-16 00:00:00.005
2,2007-01-17 00:00:00.005
3,2007-01-18 00:00:00.005
4,2007-01-19 00:00:00.005
5,2007-01-22 00:00:00.005
6,2007-01-23 00:00:00.005
7,2007-01-24 00:00:00.005
8,2007-01-25 00:00:00.005
9,2007-01-26 00:00:00.005
10,2007-01-29 00:00:00.005
11,2007-01-30 00:00:00.005
12,2007-01-31 00:00:00.005
13,2007-02-01 00:00:00.005
14,2007-02-02 00:00:00.005
15,2007-02-05 00:00:00.005
16,2007-02-06 00:00:00.005
17,2007-02-07 00:00:00.005
18,2007-02-08 00:00:00.005
19,2007-02-09 00:00:00.005
20,2007-02-12 00:00:00.005
21,2007-02-13 00:00:00.005
22,2007-02-14 00:00:00.005
23,2007-02-15 00:00:00.005
24,2007-02-16 00:00:00.005
25,2007-02-26 00:00:00.005
26,2007-02-27 00:00:00.005
27,2007-02-28 00:00:00.005
28,2007-03-01 00:00:00.005
29,2007-03-02 00:00:00.005
30,2007-03-05 00:00:00.005
31,2007-03-06 00:00:00.005
32,2007-03-07 00:00:00.005
33,2007-03-08 00:00:00.005
34,2007-03-09 00:00:00.005
35,2007-03-12 00:00:00.005
36,2007-03-13 00:00:00.005
37,2007-03-14 00:00:00.005
38,2007-03-15 00:00:00.005
39,2007-03-16 00:00:00.005
40,2007-03-19 00:00:00.005
41,2007-03-20 00:00:00.005
42,2007-03-21 00:00:00.005
43,2007-03-22 00:00:00.005
44,2007-03-23 00:00:00.005
45,2007-03-26 00:00:00.005
46,2007-03-27 00:00:00.005
47,2007-03-28 00:00:00.005
48,2007-03-29 00:00:00.005
49,2007-03-30 00:00:00.005
50,2007-04-02 00:00:00.005
51,2007-04-03 00:00:00.005
52,2007-04-04 00:00:00.005
53,2007-04-05 00:00:00.005
54,2007-04-06 00:00:00.005
55,2007-04-09 00:00:00.005
56,2007-04-10 00:00:00.005
57,2007-04-11 00:00:00.005
58,2007-04-12 00:00:00.005
59,2007-04-13 00:00:00.005
60,2007-04-16 00:00:00.005
61,2007-04-17 00:00:00.005
62,2007-04-18 00:00:00.005
63,2007-04-19 00:00:00.005
64,2007-04-20 00:00:00.005
65,2007-04-23 00:00:00.005
66,2007-04-24 00:00:00.005
67,2007-04-25 00:00:00.005
68,2007-04-26 00:00:00.005
69,2007-04-27 00:00:00.005
70,2007-04-30 00:00:00.005
71,2007-05-08 00:00:00.005
72,2007-05-09 00:00:00.005
73,2007-05-10 00:00:00.005
74,2007-05-11 00:00:00.005
75,2007-05-14 00:00:00.005
76,2007-05-15 00:00:00.005
77,2007-05-16 00:00:00.005
78,2007-05-17 00:00:00.005
79,2007-05-18 00:00:00.005
80,2007-05-21 00:00:00.005
81,2007-05-22 00:00:00.005
82,2007-05-23 00:00:00.005
83,2007-05-24 00:00:00.005
84,2007-05-25 00:00:00.005
85,2007-05-28 00:00:00.005
86,2007-05-29 00:00:00.005
87,2007-05-30 00:00:00.005
88,2007-05-31 00:00:00.005
89,2007-06-01 00:00:00.005
90,2007-06-04 00:00:00.005
91,2007-06-05 00:00:00.005
92,2007-06-06 00:00:00.005
93,2007-06-07 00:00:00.005
94,2007-06-08 00:00:00.005
95,2007-06-11 00:00:00.005
96,2007-06-12 00:00:00.005
97,2007-06-13 00:00:00.005
98,2007-06-14 00:00:00.005
99,2007-06-15 00:00:00.005
100,2007-06-18 00:00:00.005
101,2007-06-19 00:00:00.005
102,2007-06-20 00:00:00.005
103,2007-06-21 00:00:00.005
104,2007-06-22 00:00:00.005
105,2007-06-25 00:00:00.005
106,2007-06-26 00:00:00.005
107,2007-06-27 00:00:00.005
108,2007-06-28 00:00:00.005
109,2007-06-29 00:00:00.005
110,2007-07-02 00:00:00.005
111,2007-07-03 00:00:00.005
112,2007-07-04 00:00:00.005
113,2007-07-05 00:00:00.005
114,2007-07-06 00:00:00.005
115,2007-07-09 00:00:00.005
116,2007-07-10 00:00:00.005
117,2007-07-11 00:00:00.005
118,2007-07-12 00:00:00.005
119,2007-07-13 00:00:00.005
120,2007-07-16 00:00:00.005
121,2007-07-17 00:00:00.005
122,2007-07-18 00:00:00.005
123,2007-07-19 00:00:00.005
124,2007-07-20 00:00:00.005
125,2007-07-23 00:00:00.005
126,2007-07-24 00:00:00.005
127,2007-07-25 00:00:00.005
128,2007-07-26 00:00:00.005
129,2007-07-27 00:00:00.005
130,2007-07-30 00:00:00.005
131,2007-07-31 00:00:00.005
132,2007-08-01 00:00:00.005
133,2007-08-02 00:00:00.005
134,2007-08-03 00:00:00.005
135,2007-08-06 00:00:00.005
136,2007-08-07 00:00:00.005
137,2007-08-08 00:00:00.005
138,2007-08-09 00:00:00.005
139,2007-08-10 00:00:00.005
140,2007-08-13 00:00:00.005
141,2007-08-14 00:00:00.005
142,2007-08-15 00:00:00.005
143,2007-08-16 00:00:00.005
144,2007-08-17 00:00:00.005
145,2007-08-20 00:00:00.005
146,2007-08-21 00:00:00.005
147,2007-08-22 00:00:00.005
148,2007-08-23 00:00:00.005
149,2007-08-24 00:00:00.005
150,2007-08-27 00:00:00.005
151,2007-08-28 00:00:00.005
152,2007-08-29 00:00:00.005
153,2007-08-30 00:00:00.005
154,2007-08-31 00:00:00.005
155,2007-09-03 00:00:00.005
156,2007-09-04 00:00:00.005
157,2007-09-05 00:00:00.005
158,2007-09-06 00:00:00.005
159,2007-09-07 00:00:00.005
160,2007-09-10 00:00:00.005
161,2007-09-11 00:00:00.005
162,2007-09-12 00:00:00.005
163,2007-09-13 00:00:00.005
164,2007-09-14 00:00:00.005
165,2007-09-17 00:00:00.005
166,2007-09-18 00:00:00.005
167,2007-09-19 00:00:00.005
168,2007-09-20 00:00:00.005
169,2007-09-21 00:00:00.005
170,2007-09-24 00:00:00.005
171,2007-09-25 00:00:00.005
172,2007-09-26 00:00:00.005
173,2007-09-27 00:00:00.005
174,2007-09-28 00:00:00.005
175,2007-10-08 00:00:00.005
176,2007-10-09 00:00:00.005
177,2007-10-10 00:00:00.005
178,2007-10-11 00:00:00.005
179,2007-10-12 00:00:00.005
180,2007-10-15 00:00:00.005
181,2007-10-16 00:00:00.005
182,2007-10-17 00:00:00.005
183,2007-10-18 00:00:00.005
184,2007-10-19 00:00:00.005
185,2007-10-22 00:00:00.005
186,2007-10-23 00:00:00.005
187,2007-10-24 00:00:00.005
188,2007-10-25 00:00:00.005
189,2007-10-26 00:00:00.005
190,2007-10-29 00:00:00.005
191,2007-10-30 00:00:00.005
192,2007-10-31 00:00:00.005
193,2007-11-01 00:00:00.005
194,2007-11-02 00:00:00.005
195,2007-11-05 00:00:00.005
196,2007-11-06 00:00:00.005
197,2007-11-07 00:00:00.005
198,2007-11-08 00:00:00.005
199,2007-11-09 00:00:00.005
200,2007-11-12 00:00:00.005
201,2007-11-13 00:00:00.005
202,2007-11-14 00:00:00.005
203,2007-11-15 00:00:00.005
204,2007-11-16 00:00:00.005
205,2007-11-19 00:00:00.005
206,2007-11-20 00:00:00.005
207,2007-11-21 00:00:00.005
208,2007-11-22 00:00:00.005
209,2007-11-23 00:00:00.005
210,2007-11-26 00:00:00.005
211,2007-11-27 00:00:00.005
212,2007-11-28 00:00:00.005
213,2007-11-29 00:00:00.005
214,2007-11-30 00:00:00.005
215,2007-12-03 00:00:00.005
216,2007-12-04 00:00:00.005
217,2007-12-05 00:00:00.005
218,2007-12-06 00:00:00.005
219,2007-12-07 00:00:00.005
220,2007-12-10 00:00:00.005
221,2007-12-11 00:00:00.005
222,2007-12-12 00:00:00.005
223,2007-12-13 00:00:00.005
224,2007-12-14 00:00:00.005
225,2007-12-17 00:00:00.005
226,2007-12-18 00:00:00.005
227,2007-12-19 00:00:00.005
228,2007-12-20 00:00:00.005
229,2007-12-21 00:00:00.005
230,2007-12-24 00:00:00.005
231,2007-12-25 00:00:00.005
232,2007-12-26 00:00:00.005
233,2007-12-27 00:00:00.005
234,2007-12-28 00:00:00.005
235,2008-01-02 00:00:00.005
236,2008-01-03 00:00:00.005
237,2008-01-04 00:00:00.005
238,2008-01-07 00:00:00.005
239,2008-01-08 00:00:00.005
240,2008-01-09 00:00:00.005
241,2008-01-10 00:00:00.005
242,2008-01-11 00:00:00.005
243,2008-01-14 00:00:00.005
244,2008-01-15 00:00:00.005
245,2008-01-16 00:00:00.005
246,2008-01-17 00:00:00.005
247,2008-01-18 00:00:00.005
248,2008-01-21 00:00:00.005
249,2008-01-22 00:00:00.005
250,2008-01-23 00:00:00.005
251,2008-01-24 00:00:00.005
252,2008-01-25 00:00:00.005
253,2008-01-28 00:00:00.005
254,2008-01-29 00:00:00.005
255,2008-01-30 00:00:00.005
256,2008-01-31 00:00:00.005
257,2008-02-01 00:00:00.005
258,2008-02-04 00:00:00.005
259,2008-02-05 00:00:00.005
260,2008-02-13 00:00:00.005
261,2008-02-14 00:00:00.005
262,2008-02-15 00:00:00.005
263,2008-02-18 00:00:00.005
264,2008-02-19 00:00:00.005
265,2008-02-20 00:00:00.005
266,2008-02-21 00:00:00.005
267,2008-02-22 00:00:00.005
268,2008-02-25 00:00:00.005
269,2008-02-26 00:00:00.005
270,2008-02-27 00:00:00.005
271,2008-02-28 00:00:00.005
272,2008-02-29 00:00:00.005
273,2008-03-03 00:00:00.005
274,2008-03-04 00:00:00.005
275,2008-03-05 00:00:00.005
276,2008-03-06 00:00:00.005
277,2008-03-07 00:00:00.005
278,2008-03-10 00:00:00.005
279,2008-03-11 00:00:00.005
280,2008-03-12 00:00:00.005
281,2008-03-13 00:00:00.005
282,2008-03-14 00:00:00.005
283,2008-03-17 00:00:00.005
284,2008-03-18 00:00:00.005
285,2008-03-19 00:00:00.005
286,2008-03-20 00:00:00.005
287,2008-03-21 00:00:00.005
288,2008-03-24 00:00:00.005
289,2008-03-25 00:00:00.005
290,2008-03-26 00:00:00.005
291,2008-03-27 00:00:00.005
292,2008-03-28 00:00:00.005
293,2008-03-31 00:00:00.005
294,2008-04-01 00:00:00.005
295,2008-04-02 00:00:00.005
296,2008-04-03 00:00:00.005
297,2008-04-07 00:00:00.005
298,2008-04-08 00:00:00.005
299,2008-04-09 00:00:00.005
300,2008-04-10 00:00:00.005
301,2008-04-11 00:00:00.005
302,2008-04-14 00:00:00.005
303,2008-04-15 00:00:00.005
304,2008-04-16 00:00:00.005
305,2008-04-17 00:00:00.005
306,2008-04-18 00:00:00.005
307,2008-04-21 00:00:00.005
308,2008-04-22 00:00:00.005
309,2008-04-23 00:00:00.005
310,2008-04-24 00:00:00.005
311,2008-04-25 00:00:00.005
312,2008-04-28 00:00:00.005
313,2008-04-29 00:00:00.005
314,2008-04-30 00:00:00.005
315,2008-05-05 00:00:00.005
316,2008-05-06 00:00:00.005
317,2008-05-07 00:00:00.005
318,2008-05-08 00:00:00.005
319,2008-05-09 00:00:00.005
320,2008-05-12 00:00:00.005
321,2008-05-13 00:00:00.005
322,2008-05-14 00:00:00.005
323,2008-05-15 00:00:00.005
324,2008-05-16 00:00:00.005
325,2008-05-19 00:00:00.005
326,2008-05-20 00:00:00.005
327,2008-05-21 00:00:00.005
328,2008-05-22 00:00:00.005
329,2008-05-23 00:00:00.005
330,2008-05-26 00:00:00.005
331,2008-05-27 00:00:00.005
332,2008-05-28 00:00:00.005
333,2008-05-29 00:00:00.005
334,2008-05-30 00:00:00.005
335,2008-06-02 00:00:00.005
336,2008-06-03 00:00:00.005
337,2008-06-04 00:00:00.005
338,2008-06-05 00:00:00.005
339,2008-06-06 00:00:00.005
340,2008-06-10 00:00:00.005
341,2008-06-11 00:00:00.005
342,2008-06-12 00:00:00.005
343,2008-06-13 00:00:00.005
344,2008-06-16 00:00:00.005
345,2008-06-17 00:00:00.005
346,2008-06-18 00:00:00.005
347,2008-06-19 00:00:00.005
348,2008-06-20 00:00:00.005
349,2008-06-23 00:00:00.005
350,2008-06-24 00:00:00.005
351,2008-06-25 00:00:00.005
352,2008-06-26 00:00:00.005
353,2008-06-27 00:00:00.005
354,2008-06-30 00:00:00.005
355,2008-07-01 00:00:00.005
356,2008-07-02 00:00:00.005
357,2008-07-03 00:00:00.005
358,2008-07-04 00:00:00.005
359,2008-07-07 00:00:00.005
360,2008-07-08 00:00:00.005
361,2008-07-09 00:00:00.005
362,2008-07-10 00:00:00.005
363,2008-07-11 00:00:00.005
364,2008-07-14 00:00:00.005
365,2008-07-15 00:00:00.005
366,2008-07-16 00:00:00.005
367,2008-07-17 00:00:00.005
368,2008-07-18 00:00:00.005
369,2008-07-21 00:00:00.005
370,2008-07-22 00:00:00.005
371,2008-07-23 00:00:00.005
372,2008-07-24 00:00:00.005
373,2008-07-25 00:00:00.005
374,2008-07-28 00:00:00.005
375,2008-07-29 00:00:00.005
376,2008-07-30 00:00:00.005
377,2008-07-31 00:00:00.005
378,2008-08-01 00:00:00.005
379,2008-08-04 00:00:00.005
380,2008-08-05 00:00:00.005
381,2008-08-06 00:00:00.005
382,2008-08-07 00:00:00.005
383,2008-08-08 00:00:00.005
384,2008-08-11 00:00:00.005
385,2008-08-12 00:00:00.005
386,2008-08-13 00:00:00.005
387,2008-08-14 00:00:00.005
388,2008-08-15 00:00:00.005
389,2008-08-18 00:00:00.005
390,2008-08-19 00:00:00.005
391,2008-08-20 00:00:00.005
392,2008-08-21 00:00:00.005
393,2008-08-22 00:00:00.005
394,2008-08-25 00:00:00.005
395,2008-08-26 00:00:00.005
396,2008-08-27 00:00:00.005
397,2008-08-28 00:00:00.005
398,2008-08-29 00:00:00.005
399,2008-09-01 00:00:00.005
400,2008-09-02 00:00:00.005
401,2008-09-03 00:00:00.005
402,2008-09-04 00:00:00.005
403,2008-09-05 00:00:00.005
404,2008-09-08 00:00:00.005
405,2008-09-09 00:00:00.005
406,2008-09-10 00:00:00.005
407,2008-09-11 00:00:00.005
408,2008-09-12 00:00:00.005
409,2008-09-16 00:00:00.005
410,2008-09-17 00:00:00.005
411,2008-09-18 00:00:00.005
412,2008-09-19 00:00:00.005
413,2008-09-22 00:00:00.005
414,2008-09-23 00:00:00.005
415,2008-09-24 00:00:00.005
416,2008-09-25 00:00:00.005
417,2008-09-26 00:00:00.005
418,2008-10-06 00:00:00.005
419,2008-10-07 00:00:00.005
420,2008-10-08 00:00:00.005
421,2008-10-09 00:00:00.005
422,2008-10-10 00:00:00.005
423,2008-10-13 00:00:00.005
424,2008-10-14 00:00:00.005
425,2008-10-15 00:00:00.005
426,2008-10-16 00:00:00.005
427,2008-10-17 00:00:00.005
428,2008-10-20 00:00:00.005
429,2008-10-21 00:00:00.005
430,2008-10-22 00:00:00.005
431,2008-10-23 00:00:00.005
432,2008-10-24 00:00:00.005
433,2008-10-27 00:00:00.005
434,2008-10-28 00:00:00.005
435,2008-10-29 00:00:00.005
436,2008-10-30 00:00:00.005
437,2008-10-31 00:00:00.005
438,2008-11-03 00:00:00.005
439,2008-11-04 00:00:00.005
440,2008-11-05 00:00:00.005
441,2008-11-06 00:00:00.005
442,2008-11-07 00:00:00.005
443,2008-11-10 00:00:00.005
444,2008-11-11 00:00:00.005
445,2008-11-12 00:00:00.005
446,2008-11-13 00:00:00.005
447,2008-11-14 00:00:00.005
448,2008-11-17 00:00:00.005
449,2008-11-18 00:00:00.005
450,2008-11-19 00:00:00.005
451,2008-11-20 00:00:00.005
452,2008-11-21 00:00:00.005
453,2008-11-24 00:00:00.005
454,2008-11-25 00:00:00.005
455,2008-11-26 00:00:00.005
456,2008-11-27 00:00:00.005
457,2008-11-28 00:00:00.005
458,2008-12-01 00:00:00.005
459,2008-12-02 00:00:00.005
460,2008-12-03 00:00:00.005
461,2008-12-04 00:00:00.005
462,2008-12-05 00:00:00.005
463,2008-12-08 00:00:00.005
464,2008-12-09 00:00:00.005
465,2008-12-10 00:00:00.005
466,2008-12-11 00:00:00.005
467,2008-12-12 00:00:00.005
468,2008-12-15 00:00:00.005
469,2008-12-16 00:00:00.005
470,2008-12-17 00:00:00.005
471,2008-12-18 00:00:00.005
472,2008-12-19 00:00:00.005
473,2008-12-22 00:00:00.005
474,2008-12-23 00:00:00.005
475,2008-12-24 00:00:00.005
476,2008-12-25 00:00:00.005
477,2008-12-26 00:00:00.005
478,2008-12-29 00:00:00.005
479,2008-12-30 00:00:00.005
480,2008-12-31 00:00:00.005
481,2009-01-05 00:00:00.005
482,2009-01-06 00:00:00.005
483,2009-01-07 00:00:00.005
484,2009-01-08 00:00:00.005
485,2009-01-09 00:00:00.005
486,2009-01-12 00:00:00.005
487,2009-01-13 00:00:00.005
488,2009-01-14 00:00:00.005
489,2009-01-15 00:00:00.005
490,2009-01-16 00:00:00.005
491,2009-01-19 00:00:00.005
492,2009-01-20 00:00:00.005
493,2009-01-21 00:00:00.005
494,2009-01-22 00:00:00.005
495,2009-01-23 00:00:00.005
496,2009-02-02 00:00:00.005
497,2009-02-03 00:00:00.005
498,2009-02-04 00:00:00.005
499,2009-02-05 00:00:00.005
500,2009-02-06 00:00:00.005
501,2009-02-09 00:00:00.005
502,2009-02-10 00:00:00.005
503,2009-02-11 00:00:00.005
504,2009-02-12 00:00:00.005
505,2009-02-13 00:00:00.005
506,2009-02-16 00:00:00.005
507,2009-02-17 00:00:00.005
508,2009-02-18 00:00:00.005
509,2009-02-19 00:00:00.005
510,2009-02-20 00:00:00.005
511,2009-02-23 00:00:00.005
512,2009-02-24 00:00:00.005
513,2009-02-25 00:00:00.005
514,2009-02-26 00:00:00.005
515,2009-02-27 00:00:00.005
516,2009-03-02 00:00:00.005
517,2009-03-03 00:00:00.005
518,2009-03-04 00:00:00.005
519,2009-03-05 00:00:00.005
520,2009-03-06 00:00:00.005
521,2009-03-09 00:00:00.005
522,2009-03-10 00:00:00.005
523,2009-03-11 00:00:00.005
524,2009-03-12 00:00:00.005
525,2009-03-13 00:00:00.005
526,2009-03-16 00:00:00.005
527,2009-03-17 00:00:00.005
528,2009-03-18 00:00:00.005
529,2009-03-19 00:00:00.005
530,2009-03-20 00:00:00.005
531,2009-03-23 00:00:00.005
532,2009-03-24 00:00:00.005
533,2009-03-25 00:00:00.005
534,2009-03-26 00:00:00.005
535,2009-03-27 00:00:00.005
536,2009-03-30 00:00:00.005
537,2009-03-31 00:00:00.005
538,2009-04-01 00:00:00.005
539,2009-04-02 00:00:00.005
540,2009-04-03 00:00:00.005
541,2009-04-07 00:00:00.005
542,2009-04-08 00:00:00.005
543,2009-04-09 00:00:00.005
544,2009-04-10 00:00:00.005
545,2009-04-13 00:00:00.005
546,2009-04-14 00:00:00.005
547,2009-04-15 00:00:00.005
548,2009-04-16 00:00:00.005
549,2009-04-17 00:00:00.005
550,2009-04-20 00:00:00.005
551,2009-04-21 00:00:00.005
552,2009-04-22 00:00:00.005
553,2009-04-23 00:00:00.005
554,2009-04-24 00:00:00.005
555,2009-04-27 00:00:00.005
556,2009-04-28 00:00:00.005
557,2009-04-29 00:00:00.005
558,2009-04-30 00:00:00.005
559,2009-05-04 00:00:00.005
560,2009-05-05 00:00:00.005
561,2009-05-06 00:00:00.005
562,2009-05-07 00:00:00.005
563,2009-05-08 00:00:00.005
564,2009-05-11 00:00:00.005
565,2009-05-12 00:00:00.005
566,2009-05-13 00:00:00.005
567,2009-05-14 00:00:00.005
568,2009-05-15 00:00:00.005
569,2009-05-18 00:00:00.005
570,2009-05-19 00:00:00.005
571,2009-05-20 00:00:00.005
572,2009-05-21 00:00:00.005
573,2009-05-22 00:00:00.005
574,2009-05-25 00:00:00.005
575,2009-05-26 00:00:00.005
576,2009-05-27 00:00:00.005
577,2009-06-01 00:00:00.005
578,2009-06-02 00:00:00.005
579,2009-06-03 00:00:00.005
580,2009-06-04 00:00:00.005
581,2009-06-05 00:00:00.005
582,2009-06-08 00:00:00.005
583,2009-06-09 00:00:00.005
584,2009-06-10 00:00:00.005
585,2009-06-11 00:00:00.005
586,2009-06-12 00:00:00.005
587,2009-06-15 00:00:00.005
588,2009-06-16 00:00:00.005
589,2009-06-17 00:00:00.005
590,2009-06-18 00:00:00.005
591,2009-06-19 00:00:00.005
592,2009-06-22 00:00:00.005
593,2009-06-23 00:00:00.005
594,2009-06-24 00:00:00.005
595,2009-06-25 00:00:00.005
596,2009-06-26 00:00:00.005
597,2009-06-29 00:00:00.005
598,2009-06-30 00:00:00.005
599,2009-07-01 00:00:00.005
600,2009-07-02 00:00:00.005
601,2009-07-03 00:00:00.005
602,2009-07-06 00:00:00.005
603,2009-07-07 00:00:00.005
604,2009-07-08 00:00:00.005
605,2009-07-09 00:00:00.005
606,2009-07-10 00:00:00.005
607,2009-07-13 00:00:00.005
608,2009-07-14 00:00:00.005
609,2009-07-15 00:00:00.005
610,2009-07-16 00:00:00.005
611,2009-07-17 00:00:00.005
612,2009-07-20 00:00:00.005
613,2009-07-21 00:00:00.005
614,2009-07-22 00:00:00.005
615,2009-07-23 00:00:00.005
616,2009-07-24 00:00:00.005
617,2009-07-27 00:00:00.005
618,2009-07-28 00:00:00.005
619,2009-07-29 00:00:00.005
620,2009-07-30 00:00:00.005
621,2009-07-31 00:00:00.005
622,2009-08-03 00:00:00.005
623,2009-08-04 00:00:00.005
624,2009-08-05 00:00:00.005
625,2009-08-06 00:00:00.005
626,2009-08-07 00:00:00.005
627,2009-08-10 00:00:00.005
628,2009-08-11 00:00:00.005
629,2009-08-12 00:00:00.005
630,2009-08-13 00:00:00.005
631,2009-08-14 00:00:00.005
632,2009-08-17 00:00:00.005
633,2009-08-18 00:00:00.005
634,2009-08-19 00:00:00.005
635,2009-08-20 00:00:00.005
636,2009-08-21 00:00:00.005
637,2009-08-24 00:00:00.005
638,2009-08-25 00:00:00.005
639,2009-08-26 00:00:00.005
640,2009-08-27 00:00:00.005
641,2009-08-28 00:00:00.005
642,2009-08-31 00:00:00.005
643,2009-09-01 00:00:00.005
644,2009-09-02 00:00:00.005
645,2009-09-03 00:00:00.005
646,2009-09-04 00:00:00.005
647,2009-09-07 00:00:00.005
648,2009-09-08 00:00:00.005
649,2009-09-09 00:00:00.005
650,2009-09-10 00:00:00.005
651,2009-09-11 00:00:00.005
652,2009-09-14 00:00:00.005
653,2009-09-15 00:00:00.005
654,2009-09-16 00:00:00.005
655,2009-09-17 00:00:00.005
656,2009-09-18 00:00:00.005
657,2009-09-21 00:00:00.005
658,2009-09-22 00:00:00.005
659,2009-09-23 00:00:00.005
660,2009-09-24 00:00:00.005
661,2009-09-25 00:00:00.005
662,2009-09-28 00:00:00.005
663,2009-09-29 00:00:00.005
664,2009-09-30 00:00:00.005
665,2009-10-09 00:00:00.005
666,2009-10-12 00:00:00.005
667,2009-10-13 00:00:00.005
668,2009-10-14 00:00:00.005
669,2009-10-15 00:00:00.005
670,2009-10-16 00:00:00.005
671,2009-10-19 00:00:00.005
672,2009-10-20 00:00:00.005
673,2009-10-21 00:00:00.005
674,2009-10-22 00:00:00.005
675,2009-10-23 00:00:00.005
676,2009-10-26 00:00:00.005
677,2009-10-27 00:00:00.005
678,2009-10-28 00:00:00.005
679,2009-10-29 00:00:00.005
680,2009-10-30 00:00:00.005
681,2009-11-02 00:00:00.005
682,2009-11-03 00:00:00.005
683,2009-11-04 00:00:00.005
684,2009-11-05 00:00:00.005
685,2009-11-06 00:00:00.005
686,2009-11-09 00:00:00.005
687,2009-11-10 00:00:00.005
688,2009-11-11 00:00:00.005
689,2009-11-12 00:00:00.005
690,2009-11-13 00:00:00.005
691,2009-11-16 00:00:00.005
692,2009-11-17 00:00:00.005
693,2009-11-18 00:00:00.005
694,2009-11-19 00:00:00.005
695,2009-11-20 00:00:00.005
696,2009-11-23 00:00:00.005
697,2009-11-24 00:00:00.005
698,2009-11-25 00:00:00.005
699,2009-11-26 00:00:00.005
700,2009-11-27 00:00:00.005
701,2009-11-30 00:00:00.005
702,2009-12-01 00:00:00.005
703,2009-12-02 00:00:00.005
704,2009-12-03 00:00:00.005
705,2009-12-04 00:00:00.005
706,2009-12-07 00:00:00.005
707,2009-12-08 00:00:00.005
708,2009-12-09 00:00:00.005
709,2009-12-10 00:00:00.005
710,2009-12-11 00:00:00.005
711,2009-12-14 00:00:00.005
712,2009-12-15 00:00:00.005
713,2009-12-16 00:00:00.005
714,2009-12-17 00:00:00.005
715,2009-12-18 00:00:00.005
716,2009-12-21 00:00:00.005
717,2009-12-22 00:00:00.005
718,2009-12-23 00:00:00.005
719,2009-12-24 00:00:00.005
720,2009-12-25 00:00:00.005
721,2009-12-28 00:00:00.005
722,2009-12-29 00:00:00.005
723,2009-12-30 00:00:00.005
724,2009-12-31 00:00:00.005
725,2010-01-04 00:00:00.005
726,2010-01-05 00:00:00.005
727,2010-01-06 00:00:00.005
728,2010-01-07 00:00:00.005
729,2010-01-08 00:00:00.005
730,2010-01-11 00:00:00.005
731,2010-01-12 00:00:00.005
732,2010-01-13 00:00:00.005
733,2010-01-14 00:00:00.005
734,2010-01-15 00:00:00.005
735,2010-01-18 00:00:00.005
736,2010-01-19 00:00:00.005
737,2010-01-20 00:00:00.005
738,2010-01-21 00:00:00.005
739,2010-01-22 00:00:00.005
740,2010-01-25 00:00:00.005
741,2010-01-26 00:00:00.005
742,2010-01-27 00:00:00.005
743,2010-01-28 00:00:00.005
744,2010-01-29 00:00:00.005
745,2010-02-01 00:00:00.005
746,2010-02-02 00:00:00.005
747,2010-02-03 00:00:00.005
748,2010-02-04 00:00:00.005
749,2010-02-05 00:00:00.005
750,2010-02-08 00:00:00.005
751,2010-02-09 00:00:00.005
752,2010-02-10 00:00:00.005
753,2010-02-11 00:00:00.005
754,2010-02-12 00:00:00.005
755,2010-02-22 00:00:00.005
756,2010-02-23 00:00:00.005
757,2010-02-24 00:00:00.005
758,2010-02-25 00:00:00.005
759,2010-02-26 00:00:00.005
760,2010-03-01 00:00:00.005
761,2010-03-02 00:00:00.005
762,2010-03-03 00:00:00.005
763,2010-03-04 00:00:00.005
764,2010-03-05 00:00:00.005
765,2010-03-08 00:00:00.005
766,2010-03-09 00:00:00.005
767,2010-03-10 00:00:00.005
768,2010-03-11 00:00:00.005
769,2010-03-12 00:00:00.005
770,2010-03-15 00:00:00.005
771,2010-03-16 00:00:00.005
772,2010-03-17 00:00:00.005
773,2010-03-18 00:00:00.005
774,2010-03-19 00:00:00.005
775,2010-03-22 00:00:00.005
776,2010-03-23 00:00:00.005
777,2010-03-24 00:00:00.005
778,2010-03-25 00:00:00.005
779,2010-03-26 00:00:00.005
780,2010-03-29 00:00:00.005
781,2010-03-30 00:00:00.005
782,2010-03-31 00:00:00.005
783,2010-04-01 00:00:00.005
784,2010-04-02 00:00:00.005
785,2010-04-06 00:00:00.005
786,2010-04-07 00:00:00.005
787,2010-04-08 00:00:00.005
788,2010-04-09 00:00:00.005
789,2010-04-12 00:00:00.005
790,2010-04-13 00:00:00.005
791,2010-04-14 00:00:00.005
792,2010-04-15 00:00:00.005
793,2010-04-16 00:00:00.005
794,2010-04-19 00:00:00.005
795,2010-04-20 00:00:00.005
796,2010-04-21 00:00:00.005
797,2010-04-22 00:00:00.005
798,2010-04-23 00:00:00.005
799,2010-04-26 00:00:00.005
800,2010-04-27 00:00:00.005
801,2010-04-28 00:00:00.005
802,2010-04-29 00:00:00.005
803,2010-04-30 00:00:00.005
804,2010-05-04 00:00:00.005
805,2010-05-05 00:00:00.005
806,2010-05-06 00:00:00.005
807,2010-05-07 00:00:00.005
808,2010-05-10 00:00:00.005
809,2010-05-11 00:00:00.005
810,2010-05-12 00:00:00.005
811,2010-05-13 00:00:00.005
812,2010-05-14 00:00:00.005
813,2010-05-17 00:00:00.005
814,2010-05-18 00:00:00.005
815,2010-05-19 00:00:00.005
816,2010-05-20 00:00:00.005
817,2010-05-21 00:00:00.005
818,2010-05-24 00:00:00.005
819,2010-05-25 00:00:00.005
820,2010-05-26 00:00:00.005
821,2010-05-27 00:00:00.005
822,2010-05-28 00:00:00.005
823,2010-05-31 00:00:00.005
824,2010-06-01 00:00:00.005
825,2010-06-02 00:00:00.005
826,2010-06-03 00:00:00.005
827,2010-06-04 00:00:00.005
828,2010-06-07 00:00:00.005
829,2010-06-08 00:00:00.005
830,2010-06-09 00:00:00.005
831,2010-06-10 00:00:00.005
832,2010-06-11 00:00:00.005
833,2010-06-17 00:00:00.005
834,2010-06-18 00:00:00.005
835,2010-06-21 00:00:00.005
836,2010-06-22 00:00:00.005
837,2010-06-23 00:00:00.005
838,2010-06-24 00:00:00.005
839,2010-06-25 00:00:00.005
840,2010-06-28 00:00:00.005
841,2010-06-29 00:00:00.005
842,2010-06-30 00:00:00.005
843,2010-07-01 00:00:00.005
844,2010-07-02 00:00:00.005
845,2010-07-05 00:00:00.005
846,2010-07-06 00:00:00.005
847,2010-07-07 00:00:00.005
848,2010-07-08 00:00:00.005
849,2010-07-09 00:00:00.005
850,2010-07-12 00:00:00.005
851,2010-07-13 00:00:00.005
852,2010-07-14 00:00:00.005
853,2010-07-15 00:00:00.005
854,2010-07-16 00:00:00.005
855,2010-07-19 00:00:00.005
856,2010-07-20 00:00:00.005
857,2010-07-21 00:00:00.005
858,2010-07-22 00:00:00.005
859,2010-07-23 00:00:00.005
860,2010-07-26 00:00:00.005
861,2010-07-27 00:00:00.005
862,2010-07-28 00:00:00.005
863,2010-07-29 00:00:00.005
864,2010-07-30 00:00:00.005
865,2010-08-02 00:00:00.005
866,2010-08-03 00:00:00.005
867,2010-08-04 00:00:00.005
868,2010-08-05 00:00:00.005
869,2010-08-06 00:00:00.005
870,2010-08-09 00:00:00.005
871,2010-08-10 00:00:00.005
872,2010-08-11 00:00:00.005
873,2010-08-12 00:00:00.005
874,2010-08-13 00:00:00.005
875,2010-08-16 00:00:00.005
876,2010-08-17 00:00:00.005
877,2010-08-18 00:00:00.005
878,2010-08-19 00:00:00.005
879,2010-08-20 00:00:00.005
880,2010-08-23 00:00:00.005
881,2010-08-24 00:00:00.005
882,2010-08-25 00:00:00.005
883,2010-08-26 00:00:00.005
884,2010-08-27 00:00:00.005
885,2010-08-30 00:00:00.005
886,2010-08-31 00:00:00.005
887,2010-09-01 00:00:00.005
888,2010-09-02 00:00:00.005
889,2010-09-03 00:00:00.005
890,2010-09-06 00:00:00.005
891,2010-09-07 00:00:00.005
892,2010-09-08 00:00:00.005
893,2010-09-09 00:00:00.005
894,2010-09-10 00:00:00.005
895,2010-09-13 00:00:00.005
896,2010-09-14 00:00:00.005
897,2010-09-15 00:00:00.005
898,2010-09-16 00:00:00.005
899,2010-09-17 00:00:00.005
900,2010-09-20 00:00:00.005
901,2010-09-21 00:00:00.005
902,2010-09-27 00:00:00.005
903,2010-09-28 00:00:00.005
904,2010-09-29 00:00:00.005
905,2010-09-30 00:00:00.005
906,2010-10-08 00:00:00.005
907,2010-10-11 00:00:00.005
908,2010-10-12 00:00:00.005
909,2010-10-13 00:00:00.005
910,2010-10-14 00:00:00.005
911,2010-10-15 00:00:00.005
912,2010-10-18 00:00:00.005
913,2010-10-19 00:00:00.005
914,2010-10-20 00:00:00.005
915,2010-10-21 00:00:00.005
916,2010-10-22 00:00:00.005
917,2010-10-25 00:00:00.005
918,2010-10-26 00:00:00.005
919,2010-10-27 00:00:00.005
920,2010-10-28 00:00:00.005
921,2010-10-29 00:00:00.005
922,2010-11-01 00:00:00.005
923,2010-11-02 00:00:00.005
924,2010-11-03 00:00:00.005
925,2010-11-04 00:00:00.005
926,2010-11-05 00:00:00.005
927,2010-11-08 00:00:00.005
928,2010-11-09 00:00:00.005
929,2010-11-10 00:00:00.005
930,2010-11-11 00:00:00.005
931,2010-11-12 00:00:00.005
932,2010-11-15 00:00:00.005
933,2010-11-16 00:00:00.005
934,2010-11-17 00:00:00.005
935,2010-11-18 00:00:00.005
936,2010-11-19 00:00:00.005
937,2010-11-22 00:00:00.005
938,2010-11-23 00:00:00.005
939,2010-11-24 00:00:00.005
940,2010-11-25 00:00:00.005
941,2010-11-26 00:00:00.005
942,2010-11-29 00:00:00.005
943,2010-11-30 00:00:00.005
944,2010-12-01 00:00:00.005
945,2010-12-02 00:00:00.005
946,2010-12-03 00:00:00.005
947,2010-12-06 00:00:00.005
948,2010-12-07 00:00:00.005
949,2010-12-08 00:00:00.005
950,2010-12-09 00:00:00.005
951,2010-12-10 00:00:00.005
952,2010-12-13 00:00:00.005
953,2010-12-14 00:00:00.005
954,2010-12-15 00:00:00.005
955,2010-12-16 00:00:00.005
956,2010-12-17 00:00:00.005
957,2010-12-20 00:00:00.005
958,2010-12-21 00:00:00.005
959,2010-12-22 00:00:00.005
960,2010-12-23 00:00:00.005
961,2010-12-24 00:00:00.005
962,2010-12-27 00:00:00.005
963,2010-12-28 00:00:00.005
964,2010-12-29 00:00:00.005
965,2010-12-30 00:00:00.005
966,2010-12-31 00:00:00.005
967,2011-01-04 00:00:00.005
968,2011-01-05 00:00:00.005
969,2011-01-06 00:00:00.005
970,2011-01-07 00:00:00.005
971,2011-01-10 00:00:00.005
972,2011-01-11 00:00:00.005
973,2011-01-12 00:00:00.005
974,2011-01-13 00:00:00.005
975,2011-01-14 00:00:00.005
976,2011-01-17 00:00:00.005
977,2011-01-18 00:00:00.005
978,2011-01-19 00:00:00.005
979,2011-01-20 00:00:00.005
980,2011-01-21 00:00:00.005
981,2011-01-24 00:00:00.005
982,2011-01-25 00:00:00.005
983,2011-01-26 00:00:00.005
984,2011-01-27 00:00:00.005
985,2011-01-28 00:00:00.005
986,2011-01-31 00:00:00.005
987,2011-02-01 00:00:00.005
988,2011-02-09 00:00:00.005
989,2011-02-10 00:00:00.005
990,2011-02-11 00:00:00.005
991,2011-02-14 00:00:00.005
992,2011-02-15 00:00:00.005
993,2011-02-16 00:00:00.005
994,2011-02-17 00:00:00.005
995,2011-02-18 00:00:00.005
996,2011-02-21 00:00:00.005
997,2011-02-22 00:00:00.005
998,2011-02-23 00:00:00.005
999,2011-02-24 00:00:00.005
1000,2011-02-25 00:00:00.005
1001,2011-02-28 00:00:00.005
1002,2011-03-01 00:00:00.005
1003,2011-03-02 00:00:00.005
1004,2011-03-03 00:00:00.005
1005,2011-03-04 00:00:00.005
1006,2011-03-07 00:00:00.005
1007,2011-03-08 00:00:00.005
1008,2011-03-09 00:00:00.005
1009,2011-03-10 00:00:00.005
1010,2011-03-11 00:00:00.005
1011,2011-03-14 00:00:00.005
1012,2011-03-15 00:00:00.005
1013,2011-03-16 00:00:00.005
1014,2011-03-17 00:00:00.005
1015,2011-03-18 00:00:00.005
1016,2011-03-21 00:00:00.005
1017,2011-03-22 00:00:00.005
1018,2011-03-23 00:00:00.005
1019,2011-03-24 00:00:00.005
1020,2011-03-25 00:00:00.005
1021,2011-03-28 00:00:00.005
1022,2011-03-29 00:00:00.005
1023,2011-03-30 00:00:00.005
1024,2011-03-31 00:00:00.005
1025,2011-04-01 00:00:00.005
1026,2011-04-06 00:00:00.005
1027,2011-04-07 00:00:00.005
1028,2011-04-08 00:00:00.005
1029,2011-04-11 00:00:00.005
1030,2011-04-12 00:00:00.005
1031,2011-04-13 00:00:00.005
1032,2011-04-14 00:00:00.005
1033,2011-04-15 00:00:00.005
1034,2011-04-18 00:00:00.005
1035,2011-04-19 00:00:00.005
1036,2011-04-20 00:00:00.005
1037,2011-04-21 00:00:00.005
1038,2011-04-22 00:00:00.005
1039,2011-04-25 00:00:00.005
1040,2011-04-26 00:00:00.005
1041,2011-04-27 00:00:00.005
1042,2011-04-28 00:00:00.005
1043,2011-04-29 00:00:00.005
1044,2011-05-03 00:00:00.005
1045,2011-05-04 00:00:00.005
1046,2011-05-05 00:00:00.005
1047,2011-05-06 00:00:00.005
1048,2011-05-09 00:00:00.005
1049,2011-05-10 00:00:00.005
1050,2011-05-11 00:00:00.005
1051,2011-05-12 00:00:00.005
1052,2011-05-13 00:00:00.005
1053,2011-05-16 00:00:00.005
1054,2011-05-17 00:00:00.005
1055,2011-05-18 00:00:00.005
1056,2011-05-19 00:00:00.005
1057,2011-05-20 00:00:00.005
1058,2011-05-23 00:00:00.005
1059,2011-05-24 00:00:00.005
1060,2011-05-25 00:00:00.005
1061,2011-05-26 00:00:00.005
1062,2011-05-27 00:00:00.005
1063,2011-05-30 00:00:00.005
1064,2011-05-31 00:00:00.005
1065,2011-06-01 00:00:00.005
1066,2011-06-02 00:00:00.005
1067,2011-06-03 00:00:00.005
1068,2011-06-07 00:00:00.005
1069,2011-06-08 00:00:00.005
1070,2011-06-09 00:00:00.005
1071,2011-06-10 00:00:00.005
1072,2011-06-13 00:00:00.005
1073,2011-06-14 00:00:00.005
1074,2011-06-15 00:00:00.005
1075,2011-06-16 00:00:00.005
1076,2011-06-17 00:00:00.005
1077,2011-06-20 00:00:00.005
1078,2011-06-21 00:00:00.005
1079,2011-06-22 00:00:00.005
1080,2011-06-23 00:00:00.005
1081,2011-06-24 00:00:00.005
1082,2011-06-27 00:00:00.005
1083,2011-06-28 00:00:00.005
1084,2011-06-29 00:00:00.005
1085,2011-06-30 00:00:00.005
1086,2011-07-01 00:00:00.005
1087,2011-07-04 00:00:00.005
1088,2011-07-05 00:00:00.005
1089,2011-07-06 00:00:00.005
1090,2011-07-07 00:00:00.005
1091,2011-07-08 00:00:00.005
1092,2011-07-11 00:00:00.005
1093,2011-07-12 00:00:00.005
1094,2011-07-13 00:00:00.005
1095,2011-07-14 00:00:00.005
1096,2011-07-15 00:00:00.005
1097,2011-07-18 00:00:00.005
1098,2011-07-19 00:00:00.005
1099,2011-07-20 00:00:00.005
1100,2011-07-21 00:00:00.005
1101,2011-07-22 00:00:00.005
1102,2011-07-25 00:00:00.005
1103,2011-07-26 00:00:00.005
1104,2011-07-27 00:00:00.005
1105,2011-07-28 00:00:00.005
1106,2011-07-29 00:00:00.005
1107,2011-08-01 00:00:00.005
1108,2011-08-02 00:00:00.005
1109,2011-08-03 00:00:00.005
1110,2011-08-04 00:00:00.005
1111,2011-08-05 00:00:00.005
1112,2011-08-08 00:00:00.005
1113,2011-08-09 00:00:00.005
1114,2011-08-10 00:00:00.005
1115,2011-08-11 00:00:00.005
1116,2011-08-12 00:00:00.005
1117,2011-08-15 00:00:00.005
1118,2011-08-16 00:00:00.005
1119,2011-08-17 00:00:00.005
1120,2011-08-18 00:00:00.005
1121,2011-08-19 00:00:00.005
1122,2011-08-22 00:00:00.005
1123,2011-08-23 00:00:00.005
1124,2011-08-24 00:00:00.005
1125,2011-08-25 00:00:00.005
1126,2011-08-26 00:00:00.005
1127,2011-08-29 00:00:00.005
1128,2011-08-30 00:00:00.005
1129,2011-08-31 00:00:00.005
1130,2011-09-01 00:00:00.005
1131,2011-09-02 00:00:00.005
1132,2011-09-05 00:00:00.005
1133,2011-09-06 00:00:00.005
1134,2011-09-07 00:00:00.005
1135,2011-09-08 00:00:00.005
1136,2011-09-09 00:00:00.005
1137,2011-09-13 00:00:00.005
1138,2011-09-14 00:00:00.005
1139,2011-09-15 00:00:00.005
1140,2011-09-16 00:00:00.005
1141,2011-09-19 00:00:00.005
1142,2011-09-20 00:00:00.005
1143,2011-09-21 00:00:00.005
1144,2011-09-22 00:00:00.005
1145,2011-09-23 00:00:00.005
1146,2011-09-26 00:00:00.005
1147,2011-09-27 00:00:00.005
1148,2011-09-28 00:00:00.005
1149,2011-09-29 00:00:00.005
1150,2011-09-30 00:00:00.005
1151,2011-10-10 00:00:00.005
1152,2011-10-11 00:00:00.005
1153,2011-10-12 00:00:00.005
1154,2011-10-13 00:00:00.005
1155,2011-10-14 00:00:00.005
1156,2011-10-17 00:00:00.005
1157,2011-10-18 00:00:00.005
1158,2011-10-19 00:00:00.005
1159,2011-10-20 00:00:00.005
1160,2011-10-21 00:00:00.005
1161,2011-10-24 00:00:00.005
1162,2011-10-25 00:00:00.005
1163,2011-10-26 00:00:00.005
1164,2011-10-27 00:00:00.005
1165,2011-10-28 00:00:00.005
1166,2011-10-31 00:00:00.005
1167,2011-11-01 00:00:00.005
1168,2011-11-02 00:00:00.005
1169,2011-11-03 00:00:00.005
1170,2011-11-04 00:00:00.005
1171,2011-11-07 00:00:00.005
1172,2011-11-08 00:00:00.005
1173,2011-11-09 00:00:00.005
1174,2011-11-10 00:00:00.005
1175,2011-11-11 00:00:00.005
1176,2011-11-14 00:00:00.005
1177,2011-11-15 00:00:00.005
1178,2011-11-16 00:00:00.005
1179,2011-11-17 00:00:00.005
1180,2011-11-18 00:00:00.005
1181,2011-11-21 00:00:00.005
1182,2011-11-22 00:00:00.005
1183,2011-11-23 00:00:00.005
1184,2011-11-24 00:00:00.005
1185,2011-11-25 00:00:00.005
1186,2011-11-28 00:00:00.005
1187,2011-11-29 00:00:00.005
1188,2011-11-30 00:00:00.005
1189,2011-12-01 00:00:00.005
1190,2011-12-02 00:00:00.005
1191,2011-12-05 00:00:00.005
1192,2011-12-06 00:00:00.005
1193,2011-12-07 00:00:00.005
1194,2011-12-08 00:00:00.005
1195,2011-12-09 00:00:00.005
1196,2011-12-12 00:00:00.005
1197,2011-12-13 00:00:00.005
1198,2011-12-14 00:00:00.005
1199,2011-12-15 00:00:00.005
1200,2011-12-16 00:00:00.005
1201,2011-12-19 00:00:00.005
1202,2011-12-20 00:00:00.005
1203,2011-12-21 00:00:00.005
1204,2011-12-22 00:00:00.005
1205,2011-12-23 00:00:00.005
1206,2011-12-26 00:00:00.005
1207,2011-12-27 00:00:00.005
1208,2011-12-28 00:00:00.005
1209,2011-12-29 00:00:00.005
1210,2011-12-30 00:00:00.005
1211,2012-01-04 00:00:00.005
1212,2012-01-05 00:00:00.005
1213,2012-01-06 00:00:00.005
1214,2012-01-09 00:00:00.005
1215,2012-01-10 00:00:00.005
1216,2012-01-11 00:00:00.005
1217,2012-01-12 00:00:00.005
1218,2012-01-13 00:00:00.005
1219,2012-01-16 00:00:00.005
1220,2012-01-17 00:00:00.005
1221,2012-01-18 00:00:00.005
1222,2012-01-19 00:00:00.005
1223,2012-01-20 00:00:00.005
1224,2012-01-30 00:00:00.005
1225,2012-01-31 00:00:00.005
1226,2012-02-01 00:00:00.005
1227,2012-02-02 00:00:00.005
1228,2012-02-03 00:00:00.005
1229,2012-02-06 00:00:00.005
1230,2012-02-07 00:00:00.005
1231,2012-02-08 00:00:00.005
1232,2012-02-09 00:00:00.005
1233,2012-02-10 00:00:00.005
1234,2012-02-13 00:00:00.005
1235,2012-02-14 00:00:00.005
1236,2012-02-15 00:00:00.005
1237,2012-02-16 00:00:00.005
1238,2012-02-17 00:00:00.005
1239,2012-02-20 00:00:00.005
1240,2012-02-21 00:00:00.005
1241,2012-02-22 00:00:00.005
1242,2012-02-23 00:00:00.005
1243,2012-02-24 00:00:00.005
1244,2012-02-27 00:00:00.005
1245,2012-02-28 00:00:00.005
1246,2012-02-29 00:00:00.005
1247,2012-03-01 00:00:00.005
1248,2012-03-02 00:00:00.005
1249,2012-03-05 00:00:00.005
1250,2012-03-06 00:00:00.005
1251,2012-03-07 00:00:00.005
1252,2012-03-08 00:00:00.005
1253,2012-03-09 00:00:00.005
1254,2012-03-12 00:00:00.005
1255,2012-03-13 00:00:00.005
1256,2012-03-14 00:00:00.005
1257,2012-03-15 00:00:00.005
1258,2012-03-16 00:00:00.005
1259,2012-03-19 00:00:00.005
1260,2012-03-20 00:00:00.005
1261,2012-03-21 00:00:00.005
1262,2012-03-22 00:00:00.005
1263,2012-03-23 00:00:00.005
1264,2012-03-26 00:00:00.005
1265,2012-03-27 00:00:00.005
1266,2012-03-28 00:00:00.005
1267,2012-03-29 00:00:00.005
1268,2012-03-30 00:00:00.005
1269,2012-04-05 00:00:00.005
1270,2012-04-06 00:00:00.005
1271,2012-04-09 00:00:00.005
1272,2012-04-10 00:00:00.005
1273,2012-04-11 00:00:00.005
1274,2012-04-12 00:00:00.005
1275,2012-04-13 00:00:00.005
1276,2012-04-16 00:00:00.005
1277,2012-04-17 00:00:00.005
1278,2012-04-18 00:00:00.005
1279,2012-04-19 00:00:00.005
1280,2012-04-20 00:00:00.005
1281,2012-04-23 00:00:00.005
1282,2012-04-24 00:00:00.005
1283,2012-04-25 00:00:00.005
1284,2012-04-26 00:00:00.005
1285,2012-04-27 00:00:00.005
1286,2012-05-02 00:00:00.005
1287,2012-05-03 00:00:00.005
1288,2012-05-04 00:00:00.005
1289,2012-05-07 00:00:00.005
1290,2012-05-08 00:00:00.005
1291,2012-05-09 00:00:00.005
1292,2012-05-10 00:00:00.005
1293,2012-05-11 00:00:00.005
1294,2012-05-14 00:00:00.005
1295,2012-05-15 00:00:00.005
1296,2012-05-16 00:00:00.005
1297,2012-05-17 00:00:00.005
1298,2012-05-18 00:00:00.005
1299,2012-05-21 00:00:00.005
1300,2012-05-22 00:00:00.005
1301,2012-05-23 00:00:00.005
1302,2012-05-24 00:00:00.005
1303,2012-05-25 00:00:00.005
1304,2012-05-28 00:00:00.005
1305,2012-05-29 00:00:00.005
1306,2012-05-30 00:00:00.005
1307,2012-05-31 00:00:00.005
1308,2012-06-01 00:00:00.005
1309,2012-06-04 00:00:00.005
1310,2012-06-05 00:00:00.005
1311,2012-06-06 00:00:00.005
1312,2012-06-07 00:00:00.005
1313,2012-06-08 00:00:00.005
1314,2012-06-11 00:00:00.005
1315,2012-06-12 00:00:00.005
1316,2012-06-13 00:00:00.005
1317,2012-06-14 00:00:00.005
1318,2012-06-15 00:00:00.005
1319,2012-06-18 00:00:00.005
1320,2012-06-19 00:00:00.005
1321,2012-06-20 00:00:00.005
1322,2012-06-21 00:00:00.005
1323,2012-06-25 00:00:00.005
1324,2012-06-26 00:00:00.005
1325,2012-06-27 00:00:00.005
1326,2012-06-28 00:00:00.005
1327,2012-06-29 00:00:00.005
1328,2012-07-02 00:00:00.005
1329,2012-07-03 00:00:00.005
1330,2012-07-04 00:00:00.005
1331,2012-07-05 00:00:00.005
1332,2012-07-06 00:00:00.005
1333,2012-07-09 00:00:00.005
1334,2012-07-10 00:00:00.005
1335,2012-07-11 00:00:00.005
1336,2012-07-12 00:00:00.005
1337,2012-07-13 00:00:00.005
1338,2012-07-16 00:00:00.005
1339,2012-07-17 00:00:00.005
1340,2012-07-18 00:00:00.005
1341,2012-07-19 00:00:00.005
1342,2012-07-20 00:00:00.005
1343,2012-07-23 00:00:00.005
1344,2012-07-24 00:00:00.005
1345,2012-07-25 00:00:00.005
1346,2012-07-26 00:00:00.005
1347,2012-07-27 00:00:00.005
1348,2012-07-30 00:00:00.005
1349,2012-07-31 00:00:00.005
1350,2012-08-01 00:00:00.005
1351,2012-08-02 00:00:00.005
1352,2012-08-03 00:00:00.005
1353,2012-08-06 00:00:00.005
1354,2012-08-07 00:00:00.005
1355,2012-08-08 00:00:00.005
1356,2012-08-09 00:00:00.005
1357,2012-08-10 00:00:00.005
1358,2012-08-13 00:00:00.005
1359,2012-08-14 00:00:00.005
1360,2012-08-15 00:00:00.005
1361,2012-08-16 00:00:00.005
1362,2012-08-17 00:00:00.005
1363,2012-08-20 00:00:00.005
1364,2012-08-21 00:00:00.005
1365,2012-08-22 00:00:00.005
1366,2012-08-23 00:00:00.005
1367,2012-08-24 00:00:00.005
1368,2012-08-27 00:00:00.005
1369,2012-08-28 00:00:00.005
1370,2012-08-29 00:00:00.005
1371,2012-08-30 00:00:00.005
1372,2012-08-31 00:00:00.005
1373,2012-09-03 00:00:00.005
1374,2012-09-04 00:00:00.005
1375,2012-09-05 00:00:00.005
1376,2012-09-06 00:00:00.005
1377,2012-09-07 00:00:00.005
1378,2012-09-10 00:00:00.005
1379,2012-09-11 00:00:00.005
1380,2012-09-12 00:00:00.005
1381,2012-09-13 00:00:00.005
1382,2012-09-14 00:00:00.005
1383,2012-09-17 00:00:00.005
1384,2012-09-18 00:00:00.005
1385,2012-09-19 00:00:00.005
1386,2012-09-20 00:00:00.005
1387,2012-09-21 00:00:00.005
1388,2012-09-24 00:00:00.005
1389,2012-09-25 00:00:00.005
1390,2012-09-26 00:00:00.005
1391,2012-09-27 00:00:00.005
1392,2012-09-28 00:00:00.005
1393,2012-10-08 00:00:00.005
1394,2012-10-09 00:00:00.005
1395,2012-10-10 00:00:00.005
1396,2012-10-11 00:00:00.005
1397,2012-10-12 00:00:00.005
1398,2012-10-15 00:00:00.005
1399,2012-10-16 00:00:00.005
1400,2012-10-17 00:00:00.005
1401,2012-10-18 00:00:00.005
1402,2012-10-19 00:00:00.005
1403,2012-10-22 00:00:00.005
1404,2012-10-23 00:00:00.005
1405,2012-10-24 00:00:00.005
1406,2012-10-25 00:00:00.005
1407,2012-10-26 00:00:00.005
1408,2012-10-29 00:00:00.005
1409,2012-10-30 00:00:00.005
1410,2012-10-31 00:00:00.005
1411,2012-11-01 00:00:00.005
1412,2012-11-02 00:00:00.005
1413,2012-11-05 00:00:00.005
1414,2012-11-06 00:00:00.005
1415,2012-11-07 00:00:00.005
1416,2012-11-08 00:00:00.005
1417,2012-11-09 00:00:00.005
1418,2012-11-12 00:00:00.005
1419,2012-11-13 00:00:00.005
1420,2012-11-14 00:00:00.005
1421,2012-11-15 00:00:00.005
1422,2012-11-16 00:00:00.005
1423,2012-11-19 00:00:00.005
1424,2012-11-20 00:00:00.005
1425,2012-11-21 00:00:00.005
1426,2012-11-22 00:00:00.005
1427,2012-11-23 00:00:00.005
1428,2012-11-26 00:00:00.005
1429,2012-11-27 00:00:00.005
1430,2012-11-28 00:00:00.005
1431,2012-11-29 00:00:00.005
1432,2012-11-30 00:00:00.005
1433,2012-12-03 00:00:00.005
1434,2012-12-04 00:00:00.005
1435,2012-12-05 00:00:00.005
1436,2012-12-06 00:00:00.005
1437,2012-12-07 00:00:00.005
1438,2012-12-10 00:00:00.005
1439,2012-12-11 00:00:00.005
1440,2012-12-12 00:00:00.005
1441,2012-12-13 00:00:00.005
1442,2012-12-14 00:00:00.005
1443,2012-12-17 00:00:00.005
1444,2012-12-18 00:00:00.005
1445,2012-12-19 00:00:00.005
1446,2012-12-20 00:00:00.005
1447,2012-12-21 00:00:00.005
1448,2012-12-24 00:00:00.005
1449,2012-12-25 00:00:00.005
1450,2012-12-26 00:00:00.005
1451,2012-12-27 00:00:00.005
1452,2012-12-28 00:00:00.005
1453,2012-12-31 00:00:00.005
1454,2013-01-04 00:00:00.005
1455,2013-01-07 00:00:00.005
1456,2013-01-08 00:00:00.005
1457,2013-01-09 00:00:00.005
1458,2013-01-10 00:00:00.005
1459,2013-01-11 00:00:00.005
1460,2013-01-14 00:00:00.005
1461,2013-01-15 00:00:00.005
1462,2013-01-16 00:00:00.005
1463,2013-01-17 00:00:00.005
1464,2013-01-18 00:00:00.005
1465,2013-01-21 00:00:00.005
1466,2013-01-22 00:00:00.005
1467,2013-01-23 00:00:00.005
1468,2013-01-24 00:00:00.005
1469,2013-01-25 00:00:00.005
1470,2013-01-28 00:00:00.005
1471,2013-01-29 00:00:00.005
1472,2013-01-30 00:00:00.005
1473,2013-01-31 00:00:00.005
1474,2013-02-01 00:00:00.005
1475,2013-02-04 00:00:00.005
1476,2013-02-05 00:00:00.005
1477,2013-02-06 00:00:00.005
1478,2013-02-07 00:00:00.005
1479,2013-02-08 00:00:00.005
1480,2013-02-18 00:00:00.005
1481,2013-02-19 00:00:00.005
1482,2013-02-20 00:00:00.005
1483,2013-02-21 00:00:00.005
1484,2013-02-22 00:00:00.005
1485,2013-02-25 00:00:00.005
1486,2013-02-26 00:00:00.005
1487,2013-02-27 00:00:00.005
1488,2013-02-28 00:00:00.005
1489,2013-03-01 00:00:00.005
1490,2013-03-04 00:00:00.005
1491,2013-03-05 00:00:00.005
1492,2013-03-06 00:00:00.005
1493,2013-03-07 00:00:00.005
1494,2013-03-08 00:00:00.005
1495,2013-03-11 00:00:00.005
1496,2013-03-12 00:00:00.005
1497,2013-03-13 00:00:00.005
1498,2013-03-14 00:00:00.005
1499,2013-03-15 00:00:00.005
1500,2013-03-18 00:00:00.005
1501,2013-03-19 00:00:00.005
1502,2013-03-20 00:00:00.005
1503,2013-03-21 00:00:00.005
1504,2013-03-22 00:00:00.005
1505,2013-03-25 00:00:00.005
1506,2013-03-26 00:00:00.005
1507,2013-03-27 00:00:00.005
1508,2013-03-28 00:00:00.005
1509,2013-03-29 00:00:00.005
1510,2013-04-01 00:00:00.005
1511,2013-04-02 00:00:00.005
1512,2013-04-03 00:00:00.005
1513,2013-04-08 00:00:00.005
1514,2013-04-09 00:00:00.005
1515,2013-04-10 00:00:00.005
1516,2013-04-11 00:00:00.005
1517,2013-04-12 00:00:00.005
1518,2013-04-15 00:00:00.005
1519,2013-04-16 00:00:00.005
1520,2013-04-17 00:00:00.005
1521,2013-04-18 00:00:00.005
1522,2013-04-19 00:00:00.005
1523,2013-04-22 00:00:00.005
1524,2013-04-23 00:00:00.005
1525,2013-04-24 00:00:00.005
1526,2013-04-25 00:00:00.005
1527,2013-04-26 00:00:00.005
1528,2013-05-02 00:00:00.005
1529,2013-05-03 00:00:00.005
1530,2013-05-06 00:00:00.005
1531,2013-05-07 00:00:00.005
1532,2013-05-08 00:00:00.005
1533,2013-05-09 00:00:00.005
1534,2013-05-10 00:00:00.005
1535,2013-05-13 00:00:00.005
1536,2013-05-14 00:00:00.005
1537,2013-05-15 00:00:00.005
1538,2013-05-16 00:00:00.005
1539,2013-05-17 00:00:00.005
1540,2013-05-20 00:00:00.005
1541,2013-05-21 00:00:00.005
1542,2013-05-22 00:00:00.005
1543,2013-05-23 00:00:00.005
1544,2013-05-24 00:00:00.005
1545,2013-05-27 00:00:00.005
1546,2013-05-28 00:00:00.005
1547,2013-05-29 00:00:00.005
1548,2013-05-30 00:00:00.005
1549,2013-05-31 00:00:00.005
1550,2013-06-03 00:00:00.005
1551,2013-06-04 00:00:00.005
1552,2013-06-05 00:00:00.005
1553,2013-06-06 00:00:00.005
1554,2013-06-07 00:00:00.005
1555,2013-06-13 00:00:00.005
1556,2013-06-14 00:00:00.005
1557,2013-06-17 00:00:00.005
1558,2013-06-18 00:00:00.005
1559,2013-06-19 00:00:00.005
1560,2013-06-20 00:00:00.005
1561,2013-06-21 00:00:00.005
1562,2013-06-24 00:00:00.005
1563,2013-06-25 00:00:00.005
1564,2013-06-26 00:00:00.005
1565,2013-06-27 00:00:00.005
1566,2013-06-28 00:00:00.005
1567,2013-07-01 00:00:00.005
1568,2013-07-02 00:00:00.005
1569,2013-07-03 00:00:00.005
1570,2013-07-04 00:00:00.005
1571,2013-07-05 00:00:00.005
1572,2013-07-08 00:00:00.005
1573,2013-07-09 00:00:00.005
1574,2013-07-10 00:00:00.005
1575,2013-07-11 00:00:00.005
1576,2013-07-12 00:00:00.005
1577,2013-07-15 00:00:00.005
1578,2013-07-16 00:00:00.005
1579,2013-07-17 00:00:00.005
1580,2013-07-18 00:00:00.005
1581,2013-07-19 00:00:00.005
1582,2013-07-22 00:00:00.005
1583,2013-07-23 00:00:00.005
1584,2013-07-24 00:00:00.005
1585,2013-07-25 00:00:00.005
1586,2013-07-26 00:00:00.005
1587,2013-07-29 00:00:00.005
1588,2013-07-30 00:00:00.005
1589,2013-07-31 00:00:00.005
1590,2013-08-01 00:00:00.005
1591,2013-08-02 00:00:00.005
1592,2013-08-05 00:00:00.005
1593,2013-08-06 00:00:00.005
1594,2013-08-07 00:00:00.005
1595,2013-08-08 00:00:00.005
1596,2013-08-09 00:00:00.005
1597,2013-08-12 00:00:00.005
1598,2013-08-13 00:00:00.005
1599,2013-08-14 00:00:00.005
1600,2013-08-15 00:00:00.005
1601,2013-08-16 00:00:00.005
1602,2013-08-19 00:00:00.005
1603,2013-08-20 00:00:00.005
1604,2013-08-21 00:00:00.005
1605,2013-08-22 00:00:00.005
1606,2013-08-23 00:00:00.005
1607,2013-08-26 00:00:00.005
1608,2013-08-27 00:00:00.005
1609,2013-08-28 00:00:00.005
1610,2013-08-29 00:00:00.005
1611,2013-08-30 00:00:00.005
1612,2013-09-02 00:00:00.005
1613,2013-09-03 00:00:00.005
1614,2013-09-04 00:00:00.005
1615,2013-09-05 00:00:00.005
1616,2013-09-06 00:00:00.005
1617,2013-09-09 00:00:00.005
1618,2013-09-10 00:00:00.005
1619,2013-09-11 00:00:00.005
1620,2013-09-12 00:00:00.005
1621,2013-09-13 00:00:00.005
1622,2013-09-16 00:00:00.005
1623,2013-09-17 00:00:00.005
1624,2013-09-18 00:00:00.005
1625,2013-09-23 00:00:00.005
1626,2013-09-24 00:00:00.005
1627,2013-09-25 00:00:00.005
1628,2013-09-26 00:00:00.005
1629,2013-09-27 00:00:00.005
1630,2013-09-30 00:00:00.005
1631,2013-10-08 00:00:00.005
1632,2013-10-09 00:00:00.005
1633,2013-10-10 00:00:00.005
1634,2013-10-11 00:00:00.005
1635,2013-10-14 00:00:00.005
1636,2013-10-15 00:00:00.005
1637,2013-10-16 00:00:00.005
1638,2013-10-17 00:00:00.005
1639,2013-10-18 00:00:00.005
1640,2013-10-21 00:00:00.005
1641,2013-10-22 00:00:00.005
1642,2013-10-23 00:00:00.005
1643,2013-10-24 00:00:00.005
1644,2013-10-25 00:00:00.005
1645,2013-10-28 00:00:00.005
1646,2013-10-29 00:00:00.005
1647,2013-10-30 00:00:00.005
1648,2013-10-31 00:00:00.005
1649,2013-11-01 00:00:00.005
1650,2013-11-04 00:00:00.005
1651,2013-11-05 00:00:00.005
1652,2013-11-06 00:00:00.005
1653,2013-11-07 00:00:00.005
1654,2013-11-08 00:00:00.005
1655,2013-11-11 00:00:00.005
1656,2013-11-12 00:00:00.005
1657,2013-11-13 00:00:00.005
1658,2013-11-14 00:00:00.005
1659,2013-11-15 00:00:00.005
1660,2013-11-18 00:00:00.005
1661,2013-11-19 00:00:00.005
1662,2013-11-20 00:00:00.005
1663,2013-11-21 00:00:00.005
1664,2013-11-22 00:00:00.005
1665,2013-11-25 00:00:00.005
1666,2013-11-26 00:00:00.005
1667,2013-11-27 00:00:00.005
1668,2013-11-28 00:00:00.005
1669,2013-11-29 00:00:00.005
1670,2013-12-02 00:00:00.005
1671,2013-12-03 00:00:00.005
1672,2013-12-04 00:00:00.005
1673,2013-12-05 00:00:00.005
1674,2013-12-06 00:00:00.005
1675,2013-12-09 00:00:00.005
1676,2013-12-10 00:00:00.005
1677,2013-12-11 00:00:00.005
1678,2013-12-12 00:00:00.005
1679,2013-12-13 00:00:00.005
1680,2013-12-16 00:00:00.005
1681,2013-12-17 00:00:00.005
1682,2013-12-18 00:00:00.005
1683,2013-12-19 00:00:00.005
1684,2013-12-20 00:00:00.005
1685,2013-12-23 00:00:00.005
1686,2013-12-24 00:00:00.005
1687,2013-12-25 00:00:00.005
1688,2013-12-26 00:00:00.005
1689,2013-12-27 00:00:00.005
1690,2013-12-30 00:00:00.005
1691,2013-12-31 00:00:00.005
1692,2014-01-02 00:00:00.005
1693,2014-01-03 00:00:00.005
1694,2014-01-06 00:00:00.005
1695,2014-01-07 00:00:00.005
1696,2014-01-08 00:00:00.005
1697,2014-01-09 00:00:00.005
1698,2014-01-10 00:00:00.005
1699,2014-01-13 00:00:00.005
1700,2014-01-14 00:00:00.005
1701,2014-01-15 00:00:00.005
1702,2014-01-16 00:00:00.005
1703,2014-01-17 00:00:00.005
1704,2014-01-20 00:00:00.005
1705,2014-01-21 00:00:00.005
1706,2014-01-22 00:00:00.005
1707,2014-01-23 00:00:00.005
1708,2014-01-24 00:00:00.005
1709,2014-01-27 00:00:00.005
1710,2014-01-28 00:00:00.005
1711,2014-01-29 00:00:00.005
1712,2014-01-30 00:00:00.005
1713,2014-02-07 00:00:00.005
1714,2014-02-10 00:00:00.005
1715,2014-02-11 00:00:00.005
1716,2014-02-12 00:00:00.005
1717,2014-02-13 00:00:00.005
1718,2014-02-14 00:00:00.005
1719,2014-02-17 00:00:00.005
1720,2014-02-18 00:00:00.005
1721,2014-02-19 00:00:00.005
1722,2014-02-20 00:00:00.005
1723,2014-02-21 00:00:00.005
1724,2014-02-24 00:00:00.005
1725,2014-02-25 00:00:00.005
1726,2014-02-26 00:00:00.005
1727,2014-02-27 00:00:00.005
1728,2014-02-28 00:00:00.005
1729,2014-03-03 00:00:00.005
1730,2014-03-04 00:00:00.005
1731,2014-03-05 00:00:00.005
1732,2014-03-06 00:00:00.005
1733,2014-03-07 00:00:00.005
1734,2014-03-10 00:00:00.005
1735,2014-03-11 00:00:00.005
1736,2014-03-12 00:00:00.005
1737,2014-03-13 00:00:00.005
1738,2014-03-14 00:00:00.005
1739,2014-03-17 00:00:00.005
1740,2014-03-18 00:00:00.005
1741,2014-03-19 00:00:00.005
1742,2014-03-20 00:00:00.005
1743,2014-03-21 00:00:00.005
1744,2014-03-24 00:00:00.005
1745,2014-03-25 00:00:00.005
1746,2014-03-26 00:00:00.005
1747,2014-03-27 00:00:00.005
1748,2014-03-28 00:00:00.005
1749,2014-03-31 00:00:00.005
1750,2014-04-01 00:00:00.005
1751,2014-04-02 00:00:00.005
1752,2014-04-03 00:00:00.005
1753,2014-04-04 00:00:00.005
1754,2014-04-08 00:00:00.005
1755,2014-04-09 00:00:00.005
1756,2014-04-10 00:00:00.005
1757,2014-04-11 00:00:00.005
1758,2014-04-14 00:00:00.005
1759,2014-04-15 00:00:00.005
1760,2014-04-16 00:00:00.005
1761,2014-04-17 00:00:00.005
1762,2014-04-18 00:00:00.005
1763,2014-04-21 00:00:00.005
1764,2014-04-22 00:00:00.005
1765,2014-04-23 00:00:00.005
1766,2014-04-24 00:00:00.005
1767,2014-04-25 00:00:00.005
1768,2014-04-28 00:00:00.005
1769,2014-04-29 00:00:00.005
1770,2014-04-30 00:00:00.005
1771,2014-05-05 00:00:00.005
1772,2014-05-06 00:00:00.005
1773,2014-05-07 00:00:00.005
1774,2014-05-08 00:00:00.005
1775,2014-05-09 00:00:00.005
1776,2014-05-12 00:00:00.005
1777,2014-05-13 00:00:00.005
1778,2014-05-14 00:00:00.005
1779,2014-05-15 00:00:00.005
1780,2014-05-16 00:00:00.005
1781,2014-05-19 00:00:00.005
1782,2014-05-20 00:00:00.005
1783,2014-05-21 00:00:00.005
1784,2014-05-22 00:00:00.005
1785,2014-05-23 00:00:00.005
1786,2014-05-26 00:00:00.005
1787,2014-05-27 00:00:00.005
1788,2014-05-28 00:00:00.005
1789,2014-05-29 00:00:00.005
1790,2014-05-30 00:00:00.005
1791,2014-06-03 00:00:00.005
1792,2014-06-04 00:00:00.005
1793,2014-06-05 00:00:00.005
1794,2014-06-06 00:00:00.005
1795,2014-06-09 00:00:00.005
1796,2014-06-10 00:00:00.005
1797,2014-06-11 00:00:00.005
1798,2014-06-12 00:00:00.005
1799,2014-06-13 00:00:00.005
1800,2014-06-16 00:00:00.005
1801,2014-06-17 00:00:00.005
1802,2014-06-18 00:00:00.005
1803,2014-06-19 00:00:00.005
1804,2014-06-20 00:00:00.005
1805,2014-06-23 00:00:00.005
1806,2014-06-24 00:00:00.005
1807,2014-06-25 00:00:00.005
1808,2014-06-26 00:00:00.005
1809,2014-06-27 00:00:00.005
1810,2014-06-30 00:00:00.005
1811,2014-07-01 00:00:00.005
1812,2014-07-02 00:00:00.005
1813,2014-07-03 00:00:00.005
1814,2014-07-04 00:00:00.005
1815,2014-07-07 00:00:00.005
1816,2014-07-08 00:00:00.005
1817,2014-07-09 00:00:00.005
1818,2014-07-10 00:00:00.005
1819,2014-07-11 00:00:00.005
1820,2014-07-14 00:00:00.005
1821,2014-07-15 00:00:00.005
1822,2014-07-16 00:00:00.005
1823,2014-07-17 00:00:00.005
1824,2014-07-18 00:00:00.005
1825,2014-07-21 00:00:00.005
1826,2014-07-22 00:00:00.005
1827,2014-07-23 00:00:00.005
1828,2014-07-24 00:00:00.005
1829,2014-07-25 00:00:00.005
1830,2014-07-28 00:00:00.005
1831,2014-07-29 00:00:00.005
1832,2014-07-30 00:00:00.005
1833,2014-07-31 00:00:00.005
1834,2014-08-01 00:00:00.005
1835,2014-08-04 00:00:00.005
1836,2014-08-05 00:00:00.005
1837,2014-08-06 00:00:00.005
1838,2014-08-07 00:00:00.005
1839,2014-08-08 00:00:00.005
1840,2014-08-11 00:00:00.005
1841,2014-08-12 00:00:00.005
1842,2014-08-13 00:00:00.005
1843,2014-08-14 00:00:00.005
1844,2014-08-15 00:00:00.005
1845,2014-08-18 00:00:00.005
1846,2014-08-19 00:00:00.005
1847,2014-08-20 00:00:00.005
1848,2014-08-21 00:00:00.005
1849,2014-08-22 00:00:00.005
1850,2014-08-25 00:00:00.005
1851,2014-08-26 00:00:00.005
1852,2014-08-27 00:00:00.005
1853,2014-08-28 00:00:00.005
1854,2014-08-29 00:00:00.005
1855,2014-09-01 00:00:00.005
1856,2014-09-02 00:00:00.005
1857,2014-09-03 00:00:00.005
1858,2014-09-04 00:00:00.005
1859,2014-09-05 00:00:00.005
1860,2014-09-09 00:00:00.005
1861,2014-09-10 00:00:00.005
1862,2014-09-11 00:00:00.005
1863,2014-09-12 00:00:00.005
1864,2014-09-15 00:00:00.005
1865,2014-09-16 00:00:00.005
1866,2014-09-17 00:00:00.005
1867,2014-09-18 00:00:00.005
1868,2014-09-19 00:00:00.005
1869,2014-09-22 00:00:00.005
1870,2014-09-23 00:00:00.005
1871,2014-09-24 00:00:00.005
1872,2014-09-25 00:00:00.005
1873,2014-09-26 00:00:00.005
1874,2014-09-29 00:00:00.005
1875,2014-09-30 00:00:00.005
1876,2014-10-08 00:00:00.005
1877,2014-10-09 00:00:00.005
1878,2014-10-10 00:00:00.005
1879,2014-10-13 00:00:00.005
1880,2014-10-14 00:00:00.005
1881,2014-10-15 00:00:00.005
1882,2014-10-16 00:00:00.005
1883,2014-10-17 00:00:00.005
1884,2014-10-20 00:00:00.005
1885,2014-10-21 00:00:00.005
1886,2014-10-22 00:00:00.005
1887,2014-10-23 00:00:00.005
1888,2014-10-24 00:00:00.005
1889,2014-10-27 00:00:00.005
1890,2014-10-28 00:00:00.005
1891,2014-10-29 00:00:00.005
1892,2014-10-30 00:00:00.005
1893,2014-10-31 00:00:00.005
1894,2014-11-03 00:00:00.005
1895,2014-11-04 00:00:00.005
1896,2014-11-05 00:00:00.005
1897,2014-11-06 00:00:00.005
1898,2014-11-07 00:00:00.005
1899,2014-11-10 00:00:00.005
1900,2014-11-11 00:00:00.005
1901,2014-11-12 00:00:00.005
1902,2014-11-13 00:00:00.005
1903,2014-11-14 00:00:00.005
1904,2014-11-17 00:00:00.005
1905,2014-11-18 00:00:00.005
1906,2014-11-19 00:00:00.005
1907,2014-11-20 00:00:00.005
1908,2014-11-21 00:00:00.005
1909,2014-11-24 00:00:00.005
1910,2014-11-25 00:00:00.005
1911,2014-11-26 00:00:00.005
1912,2014-11-27 00:00:00.005
1913,2014-11-28 00:00:00.005
1914,2014-12-01 00:00:00.005
1915,2014-12-02 00:00:00.005
1916,2014-12-03 00:00:00.005
1917,2014-12-04 00:00:00.005
1918,2014-12-05 00:00:00.005
1919,2014-12-08 00:00:00.005
1920,2014-12-09 00:00:00.005
1921,2014-12-10 00:00:00.005
1922,2014-12-11 00:00:00.005
1923,2014-12-12 00:00:00.005
1924,2014-12-15 00:00:00.005
1925,2014-12-16 00:00:00.005
1926,2014-12-17 00:00:00.005
1927,2014-12-18 00:00:00.005
1928,2014-12-19 00:00:00.005
1929,2014-12-22 00:00:00.005
1930,2014-12-23 00:00:00.005
1931,2014-12-24 00:00:00.005
1932,2014-12-25 00:00:00.005
1933,2014-12-26 00:00:00.005
1934,2014-12-29 00:00:00.005
1935,2014-12-30 00:00:00.005
1936,2014-12-31 00:00:00.005
1937,2015-01-05 00:00:00.005
1938,2015-01-06 00:00:00.005
1939,2015-01-07 00:00:00.005
1940,2015-01-08 00:00:00.005
1941,2015-01-09 00:00:00.005
1942,2015-01-12 00:00:00.005
1943,2015-01-13 00:00:00.005
1944,2015-01-14 00:00:00.005
1945,2015-01-15 00:00:00.005
1946,2015-01-16 00:00:00.005
1947,2015-01-19 00:00:00.005
1948,2015-01-20 00:00:00.005
1949,2015-01-21 00:00:00.005
1950,2015-01-22 00:00:00.005
1951,2015-01-23 00:00:00.005
1952,2015-01-26 00:00:00.005
1953,2015-01-27 00:00:00.005
1954,2015-01-28 00:00:00.005
1955,2015-01-29 00:00:00.005
1956,2015-01-30 00:00:00.005
1957,2015-02-02 00:00:00.005
1958,2015-02-03 00:00:00.005
1959,2015-02-04 00:00:00.005
1960,2015-02-05 00:00:00.005
1961,2015-02-06 00:00:00.005
1962,2015-02-09 00:00:00.005
1963,2015-02-10 00:00:00.005
1964,2015-02-11 00:00:00.005
1965,2015-02-12 00:00:00.005
1966,2015-02-13 00:00:00.005
1967,2015-02-16 00:00:00.005
1968,2015-02-17 00:00:00.005
1969,2015-02-25 00:00:00.005
1970,2015-02-26 00:00:00.005
1971,2015-02-27 00:00:00.005
1972,2015-03-02 00:00:00.005
1973,2015-03-03 00:00:00.005
1974,2015-03-04 00:00:00.005
1975,2015-03-05 00:00:00.005
1976,2015-03-06 00:00:00.005
1977,2015-03-09 00:00:00.005
1978,2015-03-10 00:00:00.005
1979,2015-03-11 00:00:00.005
1980,2015-03-12 00:00:00.005
1981,2015-03-13 00:00:00.005
1982,2015-03-16 00:00:00.005
1983,2015-03-17 00:00:00.005
1984,2015-03-18 00:00:00.005
1985,2015-03-19 00:00:00.005
1986,2015-03-20 00:00:00.005
1987,2015-03-23 00:00:00.005
1988,2015-03-24 00:00:00.005
1989,2015-03-25 00:00:00.005
1990,2015-03-26 00:00:00.005
1991,2015-03-27 00:00:00.005
1992,2015-03-30 00:00:00.005
1993,2015-03-31 00:00:00.005
1994,2015-04-01 00:00:00.005
1995,2015-04-02 00:00:00.005
1996,2015-04-03 00:00:00.005
1997,2015-04-07 00:00:00.005
1998,2015-04-08 00:00:00.005
1999,2015-04-09 00:00:00.005
2000,2015-04-10 00:00:00.005
2001,2015-04-13 00:00:00.005
2002,2015-04-14 00:00:00.005
2003,2015-04-15 00:00:00.005
2004,2015-04-16 00:00:00.005
2005,2015-04-17 00:00:00.005
2006,2015-04-20 00:00:00.005
2007,2015-04-21 00:00:00.005
2008,2015-04-22 00:00:00.005
2009,2015-04-23 00:00:00.005
2010,2015-04-24 00:00:00.005
2011,2015-04-27 00:00:00.005
2012,2015-04-28 00:00:00.005
2013,2015-04-29 00:00:00.005
2014,2015-04-30 00:00:00.005
2015,2015-05-04 00:00:00.005
2016,2015-05-05 00:00:00.005
2017,2015-05-06 00:00:00.005
2018,2015-05-07 00:00:00.005
2019,2015-05-08 00:00:00.005
2020,2015-05-11 00:00:00.005
2021,2015-05-12 00:00:00.005
2022,2015-05-13 00:00:00.005
2023,2015-05-14 00:00:00.005
2024,2015-05-15 00:00:00.005
2025,2015-05-18 00:00:00.005
2026,2015-05-19 00:00:00.005
2027,2015-05-20 00:00:00.005
2028,2015-05-21 00:00:00.005
2029,2015-05-22 00:00:00.005
2030,2015-05-25 00:00:00.005
2031,2015-05-26 00:00:00.005
2032,2015-05-27 00:00:00.005
2033,2015-05-28 00:00:00.005
2034,2015-05-29 00:00:00.005
2035,2015-06-01 00:00:00.005
2036,2015-06-02 00:00:00.005
2037,2015-06-03 00:00:00.005
2038,2015-06-04 00:00:00.005
2039,2015-06-05 00:00:00.005
2040,2015-06-08 00:00:00.005
2041,2015-06-09 00:00:00.005
2042,2015-06-10 00:00:00.005
2043,2015-06-11 00:00:00.005
2044,2015-06-12 00:00:00.005
2045,2015-06-15 00:00:00.005
2046,2015-06-16 00:00:00.005
2047,2015-06-17 00:00:00.005
2048,2015-06-18 00:00:00.005
2049,2015-06-19 00:00:00.005
2050,2015-06-23 00:00:00.005
2051,2015-06-24 00:00:00.005
2052,2015-06-25 00:00:00.005
2053,2015-06-26 00:00:00.005
2054,2015-06-29 00:00:00.005
2055,2015-06-30 00:00:00.005
2056,2015-07-01 00:00:00.005
2057,2015-07-02 00:00:00.005
2058,2015-07-03 00:00:00.005
2059,2015-07-06 00:00:00.005
2060,2015-07-07 00:00:00.005
2061,2015-07-08 00:00:00.005
2062,2015-07-09 00:00:00.005
2063,2015-07-10 00:00:00.005
2064,2015-07-13 00:00:00.005
2065,2015-07-14 00:00:00.005
2066,2015-07-15 00:00:00.005
2067,2015-07-16 00:00:00.005
2068,2015-07-17 00:00:00.005
2069,2015-07-20 00:00:00.005
2070,2015-07-21 00:00:00.005
2071,2015-07-22 00:00:00.005
2072,2015-07-23 00:00:00.005
2073,2015-07-24 00:00:00.005
2074,2015-07-27 00:00:00.005
2075,2015-07-28 00:00:00.005
2076,2015-07-29 00:00:00.005
2077,2015-07-30 00:00:00.005
2078,2015-07-31 00:00:00.005
2079,2015-08-03 00:00:00.005
2080,2015-08-04 00:00:00.005
2081,2015-08-05 00:00:00.005
2082,2015-08-06 00:00:00.005
2083,2015-08-07 00:00:00.005
2084,2015-08-10 00:00:00.005
2085,2015-08-11 00:00:00.005
2086,2015-08-12 00:00:00.005
2087,2015-08-13 00:00:00.005
2088,2015-08-14 00:00:00.005
2089,2015-08-17 00:00:00.005
2090,2015-08-18 00:00:00.005
2091,2015-08-19 00:00:00.005
2092,2015-08-20 00:00:00.005
2093,2015-08-21 00:00:00.005
2094,2015-08-24 00:00:00.005
2095,2015-08-25 00:00:00.005
2096,2015-08-26 00:00:00.005
2097,2015-08-27 00:00:00.005
2098,2015-08-28 00:00:00.005
2099,2015-08-31 00:00:00.005
2100,2015-09-01 00:00:00.005
2101,2015-09-02 00:00:00.005
2102,2015-09-07 00:00:00.005
2103,2015-09-08 00:00:00.005
2104,2015-09-09 00:00:00.005
2105,2015-09-10 00:00:00.005
2106,2015-09-11 00:00:00.005
2107,2015-09-14 00:00:00.005
2108,2015-09-15 00:00:00.005
2109,2015-09-16 00:00:00.005
2110,2015-09-17 00:00:00.005
2111,2015-09-18 00:00:00.005
2112,2015-09-21 00:00:00.005
2113,2015-09-22 00:00:00.005
2114,2015-09-23 00:00:00.005
2115,2015-09-24 00:00:00.005
2116,2015-09-25 00:00:00.005
2117,2015-09-28 00:00:00.005
2118,2015-09-29 00:00:00.005
2119,2015-09-30 00:00:00.005
2120,2015-10-08 00:00:00.005
2121,2015-10-09 00:00:00.005
2122,2015-10-12 00:00:00.005
2123,2015-10-13 00:00:00.005
2124,2015-10-14 00:00:00.005
2125,2015-10-15 00:00:00.005
2126,2015-10-16 00:00:00.005
2127,2015-10-19 00:00:00.005
2128,2015-10-20 00:00:00.005
2129,2015-10-21 00:00:00.005
2130,2015-10-22 00:00:00.005
2131,2015-10-23 00:00:00.005
2132,2015-10-26 00:00:00.005
2133,2015-10-27 00:00:00.005
2134,2015-10-28 00:00:00.005
2135,2015-10-29 00:00:00.005
2136,2015-10-30 00:00:00.005
2137,2015-11-02 00:00:00.005
2138,2015-11-03 00:00:00.005
2139,2015-11-04 00:00:00.005
2140,2015-11-05 00:00:00.005
2141,2015-11-06 00:00:00.005
2142,2015-11-09 00:00:00.005
2143,2015-11-10 00:00:00.005
2144,2015-11-11 00:00:00.005
2145,2015-11-12 00:00:00.005
2146,2015-11-13 00:00:00.005
2147,2015-11-16 00:00:00.005
2148,2015-11-17 00:00:00.005
2149,2015-11-18 00:00:00.005
2150,2015-11-19 00:00:00.005
2151,2015-11-20 00:00:00.005
2152,2015-11-23 00:00:00.005
2153,2015-11-24 00:00:00.005
2154,2015-11-25 00:00:00.005
2155,2015-11-26 00:00:00.005
2156,2015-11-27 00:00:00.005
2157,2015-11-30 00:00:00.005
2158,2015-12-01 00:00:00.005
2159,2015-12-02 00:00:00.005
2160,2015-12-03 00:00:00.005
2161,2015-12-04 00:00:00.005
2162,2015-12-07 00:00:00.005
2163,2015-12-08 00:00:00.005
2164,2015-12-09 00:00:00.005
2165,2015-12-10 00:00:00.005
2166,2015-12-11 00:00:00.005
2167,2015-12-14 00:00:00.005
2168,2015-12-15 00:00:00.005
2169,2015-12-16 00:00:00.005
2170,2015-12-17 00:00:00.005
2171,2015-12-18 00:00:00.005
2172,2015-12-21 00:00:00.005
2173,2015-12-22 00:00:00.005
2174,2015-12-23 00:00:00.005
2175,2015-12-24 00:00:00.005
2176,2015-12-25 00:00:00.005
2177,2015-12-28 00:00:00.005
2178,2015-12-29 00:00:00.005
2179,2015-12-30 00:00:00.005
2180,2015-12-31 00:00:00.005
2181,2016-01-04 00:00:00.005
2182,2016-01-05 00:00:00.005
2183,2016-01-06 00:00:00.005
2184,2016-01-07 00:00:00.005
2185,2016-01-08 00:00:00.005
2186,2016-01-11 00:00:00.005
2187,2016-01-12 00:00:00.005
2188,2016-01-13 00:00:00.005
2189,2016-01-14 00:00:00.005
2190,2016-01-15 00:00:00.005
2191,2016-01-18 00:00:00.005
2192,2016-01-19 00:00:00.005
2193,2016-01-20 00:00:00.005
2194,2016-01-21 00:00:00.005
2195,2016-01-22 00:00:00.005
2196,2016-01-25 00:00:00.005
2197,2016-01-26 00:00:00.005
2198,2016-01-27 00:00:00.005
2199,2016-01-28 00:00:00.005
2200,2016-01-29 00:00:00.005
2201,2016-02-01 00:00:00.005
2202,2016-02-02 00:00:00.005
2203,2016-02-03 00:00:00.005
2204,2016-02-04 00:00:00.005
2205,2016-02-05 00:00:00.005
2206,2016-02-15 00:00:00.005
2207,2016-02-16 00:00:00.005
2208,2016-02-17 00:00:00.005
2209,2016-02-18 00:00:00.005
2210,2016-02-19 00:00:00.005
2211,2016-02-22 00:00:00.005
2212,2016-02-23 00:00:00.005
2213,2016-02-24 00:00:00.005
2214,2016-02-25 00:00:00.005
2215,2016-02-26 00:00:00.005
2216,2016-02-29 00:00:00.005
2217,2016-03-01 00:00:00.005
2218,2016-03-02 00:00:00.005
2219,2016-03-03 00:00:00.005
2220,2016-03-04 00:00:00.005
2221,2016-03-07 00:00:00.005
2222,2016-03-08 00:00:00.005
2223,2016-03-09 00:00:00.005
2224,2016-03-10 00:00:00.005
2225,2016-03-11 00:00:00.005
2226,2016-03-14 00:00:00.005
2227,2016-03-15 00:00:00.005
2228,2016-03-16 00:00:00.005
2229,2016-03-17 00:00:00.005
2230,2016-03-18 00:00:00.005
2231,2016-03-21 00:00:00.005
2232,2016-03-22 00:00:00.005
2233,2016-03-23 00:00:00.005
2234,2016-03-24 00:00:00.005
2235,2016-03-25 00:00:00.005
2236,2016-03-28 00:00:00.005
2237,2016-03-29 00:00:00.005
2238,2016-03-30 00:00:00.005
2239,2016-03-31 00:00:00.005
2240,2016-04-01 00:00:00.005
2241,2016-04-05 00:00:00.005
2242,2016-04-06 00:00:00.005
2243,2016-04-07 00:00:00.005
2244,2016-04-08 00:00:00.005
2245,2016-04-11 00:00:00.005
2246,2016-04-12 00:00:00.005
2247,2016-04-13 00:00:00.005
2248,2016-04-14 00:00:00.005
2249,2016-04-15 00:00:00.005
2250,2016-04-18 00:00:00.005
2251,2016-04-19 00:00:00.005
2252,2016-04-20 00:00:00.005
2253,2016-04-21 00:00:00.005
2254,2016-04-22 00:00:00.005
2255,2016-04-25 00:00:00.005
2256,2016-04-26 00:00:00.005
2257,2016-04-27 00:00:00.005
2258,2016-04-28 00:00:00.005
2259,2016-04-29 00:00:00.005
2260,2016-05-03 00:00:00.005
2261,2016-05-04 00:00:00.005
2262,2016-05-05 00:00:00.005
2263,2016-05-06 00:00:00.005
2264,2016-05-09 00:00:00.005
2265,2016-05-10 00:00:00.005
2266,2016-05-11 00:00:00.005
2267,2016-05-12 00:00:00.005
2268,2016-05-13 00:00:00.005
2269,2016-05-16 00:00:00.005
2270,2016-05-17 00:00:00.005
2271,2016-05-18 00:00:00.005
2272,2016-05-19 00:00:00.005
2273,2016-05-20 00:00:00.005
2274,2016-05-23 00:00:00.005
2275,2016-05-24 00:00:00.005
2276,2016-05-25 00:00:00.005
2277,2016-05-26 00:00:00.005
2278,2016-05-27 00:00:00.005
2279,2016-05-30 00:00:00.005
2280,2016-05-31 00:00:00.005
2281,2016-06-01 00:00:00.005
2282,2016-06-02 00:00:00.005
2283,2016-06-03 00:00:00.005
2284,2016-06-06 00:00:00.005
2285,2016-06-07 00:00:00.005
2286,2016-06-08 00:00:00.005
2287,2016-06-13 00:00:00.005
2288,2016-06-14 00:00:00.005
2289,2016-06-15 00:00:00.005
2290,2016-06-16 00:00:00.005
2291,2016-06-17 00:00:00.005
2292,2016-06-20 00:00:00.005
2293,2016-06-21 00:00:00.005
2294,2016-06-22 00:00:00.005
2295,2016-06-23 00:00:00.005
2296,2016-06-24 00:00:00.005
2297,2016-06-27 00:00:00.005
2298,2016-06-28 00:00:00.005
2299,2016-06-29 00:00:00.005
2300,2016-06-30 00:00:00.005
2301,2016-07-01 00:00:00.005
2302,2016-07-04 00:00:00.005
2303,2016-07-05 00:00:00.005
2304,2016-07-06 00:00:00.005
2305,2016-07-07 00:00:00.005
2306,2016-07-08 00:00:00.005
2307,2016-07-11 00:00:00.005
2308,2016-07-12 00:00:00.005
2309,2016-07-13 00:00:00.005
2310,2016-07-14 00:00:00.005
2311,2016-07-15 00:00:00.005
2312,2016-07-18 00:00:00.005
2313,2016-07-19 00:00:00.005
2314,2016-07-20 00:00:00.005
2315,2016-07-21 00:00:00.005
2316,2016-07-22 00:00:00.005
2317,2016-07-25 00:00:00.005
2318,2016-07-26 00:00:00.005
2319,2016-07-27 00:00:00.005
2320,2016-07-28 00:00:00.005
2321,2016-07-29 00:00:00.005
2322,2016-08-01 00:00:00.005
2323,2016-08-02 00:00:00.005
2324,2016-08-03 00:00:00.005
2325,2016-08-04 00:00:00.005
2326,2016-08-05 00:00:00.005
2327,2016-08-08 00:00:00.005
2328,2016-08-09 00:00:00.005
2329,2016-08-10 00:00:00.005
2330,2016-08-11 00:00:00.005
2331,2016-08-12 00:00:00.005
2332,2016-08-15 00:00:00.005
2333,2016-08-16 00:00:00.005
2334,2016-08-17 00:00:00.005
2335,2016-08-18 00:00:00.005
2336,2016-08-19 00:00:00.005
2337,2016-08-22 00:00:00.005
2338,2016-08-23 00:00:00.005
2339,2016-08-24 00:00:00.005
2340,2016-08-25 00:00:00.005
2341,2016-08-26 00:00:00.005
2342,2016-08-29 00:00:00.005
2343,2016-08-30 00:00:00.005
2344,2016-08-31 00:00:00.005
2345,2016-09-01 00:00:00.005
2346,2016-09-02 00:00:00.005
2347,2016-09-05 00:00:00.005
2348,2016-09-06 00:00:00.005
2349,2016-09-07 00:00:00.005
2350,2016-09-08 00:00:00.005
2351,2016-09-09 00:00:00.005
2352,2016-09-12 00:00:00.005
2353,2016-09-13 00:00:00.005
2354,2016-09-14 00:00:00.005
2355,2016-09-19 00:00:00.005
2356,2016-09-20 00:00:00.005
2357,2016-09-21 00:00:00.005
2358,2016-09-22 00:00:00.005
2359,2016-09-23 00:00:00.005
2360,2016-09-26 00:00:00.005
2361,2016-09-27 00:00:00.005
2362,2016-09-28 00:00:00.005
2363,2016-09-29 00:00:00.005
2364,2016-09-30 00:00:00.005
2365,2016-10-10 00:00:00.005
2366,2016-10-11 00:00:00.005
2367,2016-10-12 00:00:00.005
2368,2016-10-13 00:00:00.005
2369,2016-10-14 00:00:00.005
2370,2016-10-17 00:00:00.005
2371,2016-10-18 00:00:00.005
2372,2016-10-19 00:00:00.005
2373,2016-10-20 00:00:00.005
2374,2016-10-21 00:00:00.005
2375,2016-10-24 00:00:00.005
2376,2016-10-25 00:00:00.005
2377,2016-10-26 00:00:00.005
2378,2016-10-27 00:00:00.005
2379,2016-10-28 00:00:00.005
2380,2016-10-31 00:00:00.005
2381,2016-11-01 00:00:00.005
2382,2016-11-02 00:00:00.005
2383,2016-11-03 00:00:00.005
2384,2016-11-04 00:00:00.005
2385,2016-11-07 00:00:00.005
2386,2016-11-08 00:00:00.005
2387,2016-11-09 00:00:00.005
2388,2016-11-10 00:00:00.005
2389,2016-11-11 00:00:00.005
2390,2016-11-14 00:00:00.005
2391,2016-11-15 00:00:00.005
2392,2016-11-16 00:00:00.005
2393,2016-11-17 00:00:00.005
2394,2016-11-18 00:00:00.005
2395,2016-11-21 00:00:00.005
2396,2016-11-22 00:00:00.005
2397,2016-11-23 00:00:00.005
2398,2016-11-24 00:00:00.005
2399,2016-11-25 00:00:00.005
2400,2016-11-28 00:00:00.005
2401,2016-11-29 00:00:00.005
2402,2016-11-30 00:00:00.005
2403,2016-12-01 00:00:00.005
2404,2016-12-02 00:00:00.005
2405,2016-12-05 00:00:00.005
2406,2016-12-06 00:00:00.005
2407,2016-12-07 00:00:00.005
2408,2016-12-08 00:00:00.005
2409,2016-12-09 00:00:00.005
2410,2016-12-12 00:00:00.005
2411,2016-12-13 00:00:00.005
2412,2016-12-14 00:00:00.005
2413,2016-12-15 00:00:00.005
2414,2016-12-16 00:00:00.005
2415,2016-12-19 00:00:00.005
2416,2016-12-20 00:00:00.005
2417,2016-12-21 00:00:00.005
2418,2016-12-22 00:00:00.005
2419,2016-12-23 00:00:00.005
2420,2016-12-26 00:00:00.005
2421,2016-12-27 00:00:00.005
2422,2016-12-28 00:00:00.005
2423,2016-12-29 00:00:00.005
2424,2016-12-30 00:00:00.005
2425,2017-01-03 00:00:00.005
2426,2017-01-04 00:00:00.005
2427,2017-01-05 00:00:00.005
2428,2017-01-06 00:00:00.005
2429,2017-01-09 00:00:00.005
2430,2017-01-10 00:00:00.005
2431,2017-01-11 00:00:00.005
2432,2017-01-12 00:00:00.005
2433,2017-01-13 00:00:00.005
2434,2017-01-16 00:00:00.005
2435,2017-01-17 00:00:00.005
2436,2017-01-18 00:00:00.005
2437,2017-01-19 00:00:00.005
2438,2017-01-20 00:00:00.005
2439,2017-01-23 00:00:00.005
2440,2017-01-24 00:00:00.005
2441,2017-01-25 00:00:00.005
2442,2017-01-26 00:00:00.005
2443,2017-02-03 00:00:00.005
2444,2017-02-06 00:00:00.005
2445,2017-02-07 00:00:00.005
2446,2017-02-08 00:00:00.005
2447,2017-02-09 00:00:00.005
2448,2017-02-10 00:00:00.005
2449,2017-02-13 00:00:00.005
2450,2017-02-14 00:00:00.005
2451,2017-02-15 00:00:00.005
2452,2017-02-16 00:00:00.005
2453,2017-02-17 00:00:00.005
2454,2017-02-20 00:00:00.005
2455,2017-02-21 00:00:00.005
2456,2017-02-22 00:00:00.005
2457,2017-02-23 00:00:00.005
2458,2017-02-24 00:00:00.005
2459,2017-02-27 00:00:00.005
2460,2017-02-28 00:00:00.005
2461,2017-03-01 00:00:00.005
2462,2017-03-02 00:00:00.005
2463,2017-03-03 00:00:00.005
2464,2017-03-06 00:00:00.005
2465,2017-03-07 00:00:00.005
2466,2017-03-08 00:00:00.005
2467,2017-03-09 00:00:00.005
2468,2017-03-10 00:00:00.005
2469,2017-03-13 00:00:00.005
2470,2017-03-14 00:00:00.005
2471,2017-03-15 00:00:00.005
2472,2017-03-16 00:00:00.005
2473,2017-03-17 00:00:00.005
2474,2017-03-20 00:00:00.005
2475,2017-03-21 00:00:00.005
2476,2017-03-22 00:00:00.005
2477,2017-03-23 00:00:00.005
2478,2017-03-24 00:00:00.005
2479,2017-03-27 00:00:00.005
2480,2017-03-28 00:00:00.005
2481,2017-03-29 00:00:00.005
2482,2017-03-30 00:00:00.005
2483,2017-03-31 00:00:00.005
2484,2017-04-05 00:00:00.005
2485,2017-04-06 00:00:00.005
2486,2017-04-07 00:00:00.005
2487,2017-04-10 00:00:00.005
2488,2017-04-11 00:00:00.005
2489,2017-04-12 00:00:00.005
2490,2017-04-13 00:00:00.005
2491,2017-04-14 00:00:00.005
2492,2017-04-17 00:00:00.005
2493,2017-04-18 00:00:00.005
2494,2017-04-19 00:00:00.005
2495,2017-04-20 00:00:00.005
2496,2017-04-21 00:00:00.005
2497,2017-04-24 00:00:00.005
2498,2017-04-25 00:00:00.005
2499,2017-04-26 00:00:00.005
2500,2017-04-27 00:00:00.005
2501,2017-04-28 00:00:00.005
2502,2017-05-02 00:00:00.005
2503,2017-05-03 00:00:00.005
2504,2017-05-04 00:00:00.005
2505,2017-05-05 00:00:00.005
2506,2017-05-08 00:00:00.005
2507,2017-05-09 00:00:00.005
2508,2017-05-10 00:00:00.005
2509,2017-05-11 00:00:00.005
2510,2017-05-12 00:00:00.005
2511,2017-05-15 00:00:00.005
2512,2017-05-16 00:00:00.005
2513,2017-05-17 00:00:00.005
2514,2017-05-18 00:00:00.005
2515,2017-05-19 00:00:00.005
2516,2017-05-22 00:00:00.005
2517,2017-05-23 00:00:00.005
2518,2017-05-24 00:00:00.005
2519,2017-05-25 00:00:00.005
2520,2017-05-26 00:00:00.005
2521,2017-05-31 00:00:00.005
2522,2017-06-01 00:00:00.005
2523,2017-06-02 00:00:00.005
2524,2017-06-05 00:00:00.005
2525,2017-06-06 00:00:00.005
2526,2017-06-07 00:00:00.005
2527,2017-06-08 00:00:00.005
2528,2017-06-09 00:00:00.005
2529,2017-06-12 00:00:00.005
2530,2017-06-13 00:00:00.005
2531,2017-06-14 00:00:00.005
2532,2017-06-15 00:00:00.005
2533,2017-06-16 00:00:00.005
2534,2017-06-19 00:00:00.005
2535,2017-06-20 00:00:00.005
2536,2017-06-21 00:00:00.005
2537,2017-06-22 00:00:00.005
2538,2017-06-23 00:00:00.005
2539,2017-06-26 00:00:00.005
2540,2017-06-27 00:00:00.005
2541,2017-06-28 00:00:00.005
2542,2017-06-29 00:00:00.005
2543,2017-06-30 00:00:00.005
2544,2017-07-03 00:00:00.005
2545,2017-07-04 00:00:00.005
2546,2017-07-05 00:00:00.005
2547,2017-07-06 00:00:00.005
2548,2017-07-07 00:00:00.005
2549,2017-07-10 00:00:00.005
2550,2017-07-11 00:00:00.005
2551,2017-07-12 00:00:00.005
2552,2017-07-13 00:00:00.005
2553,2017-07-14 00:00:00.005
2554,2017-07-17 00:00:00.005
2555,2017-07-18 00:00:00.005
2556,2017-07-19 00:00:00.005
2557,2017-07-20 00:00:00.005
2558,2017-07-21 00:00:00.005
2559,2017-07-24 00:00:00.005
2560,2017-07-25 00:00:00.005
2561,2017-07-26 00:00:00.005
2562,2017-07-27 00:00:00.005
2563,2017-07-28 00:00:00.005
2564,2017-07-31 00:00:00.005
2565,2017-08-01 00:00:00.005
2566,2017-08-02 00:00:00.005
2567,2017-08-03 00:00:00.005
2568,2017-08-04 00:00:00.005
2569,2017-08-07 00:00:00.005
2570,2017-08-08 00:00:00.005
2571,2017-08-09 00:00:00.005
2572,2017-08-10 00:00:00.005
2573,2017-08-11 00:00:00.005
2574,2017-08-14 00:00:00.005
2575,2017-08-15 00:00:00.005
2576,2017-08-16 00:00:00.005
2577,2017-08-17 00:00:00.005
2578,2017-08-18 00:00:00.005
2579,2017-08-21 00:00:00.005
2580,2017-08-22 00:00:00.005
2581,2017-08-23 00:00:00.005
2582,2017-08-24 00:00:00.005
2583,2017-08-25 00:00:00.005
2584,2017-08-28 00:00:00.005
2585,2017-08-29 00:00:00.005
2586,2017-08-30 00:00:00.005
2587,2017-08-31 00:00:00.005
2588,2017-09-01 00:00:00.005
2589,2017-09-04 00:00:00.005
2590,2017-09-05 00:00:00.005
2591,2017-09-06 00:00:00.005
2592,2017-09-07 00:00:00.005
2593,2017-09-08 00:00:00.005
2594,2017-09-11 00:00:00.005
2595,2017-09-12 00:00:00.005
2596,2017-09-13 00:00:00.005
2597,2017-09-14 00:00:00.005
2598,2017-09-15 00:00:00.005
2599,2017-09-18 00:00:00.005
2600,2017-09-19 00:00:00.005
2601,2017-09-20 00:00:00.005
2602,2017-09-21 00:00:00.005
2603,2017-09-22 00:00:00.005
2604,2017-09-25 00:00:00.005
2605,2017-09-26 00:00:00.005
2606,2017-09-27 00:00:00.005
2607,2017-09-28 00:00:00.005
2608,2017-09-29 00:00:00.005
2609,2017-10-09 00:00:00.005
2610,2017-10-10 00:00:00.005
2611,2017-10-11 00:00:00.005
2612,2017-10-12 00:00:00.005
2613,2017-10-13 00:00:00.005
2614,2017-10-16 00:00:00.005
2615,2017-10-17 00:00:00.005
2616,2017-10-18 00:00:00.005
2617,2017-10-19 00:00:00.005
2618,2017-10-20 00:00:00.005
2619,2017-10-23 00:00:00.005
2620,2017-10-24 00:00:00.005
2621,2017-10-25 00:00:00.005
2622,2017-10-26 00:00:00.005
2623,2017-10-27 00:00:00.005
2624,2017-10-30 00:00:00.005
2625,2017-10-31 00:00:00.005
2626,2017-11-01 00:00:00.005
2627,2017-11-02 00:00:00.005
2628,2017-11-03 00:00:00.005
2629,2017-11-06 00:00:00.005
2630,2017-11-07 00:00:00.005
2631,2017-11-08 00:00:00.005
2632,2017-11-09 00:00:00.005
2633,2017-11-10 00:00:00.005
2634,2017-11-13 00:00:00.005
2635,2017-11-14 00:00:00.005
2636,2017-11-15 00:00:00.005
2637,2017-11-16 00:00:00.005
2638,2017-11-17 00:00:00.005
2639,2017-11-20 00:00:00.005
2640,2017-11-21 00:00:00.005
2641,2017-11-22 00:00:00.005
2642,2017-11-23 00:00:00.005
2643,2017-11-24 00:00:00.005
2644,2017-11-27 00:00:00.005
2645,2017-11-28 00:00:00.005
2646,2017-11-29 00:00:00.005
2647,2017-11-30 00:00:00.005
2648,2017-12-01 00:00:00.005
2649,2017-12-04 00:00:00.005
2650,2017-12-05 00:00:00.005
2651,2017-12-06 00:00:00.005
2652,2017-12-07 00:00:00.005
2653,2017-12-08 00:00:00.005
2654,2017-12-11 00:00:00.005
2655,2017-12-12 00:00:00.005
2656,2017-12-13 00:00:00.005
2657,2017-12-14 00:00:00.005
2658,2017-12-15 00:00:00.005
2659,2017-12-18 00:00:00.005
2660,2017-12-19 00:00:00.005
2661,2017-12-20 00:00:00.005
2662,2017-12-21 00:00:00.005
2663,2017-12-22 00:00:00.005
2664,2017-12-25 00:00:00.005
2665,2017-12-26 00:00:00.005
2666,2017-12-27 00:00:00.005
2667,2017-12-28 00:00:00.005
2668,2017-12-29 00:00:00.005
2669,2018-01-02 00:00:00.005
2670,2018-01-03 00:00:00.005
2671,2018-01-04 00:00:00.005
2672,2018-01-05 00:00:00.005
2673,2018-01-08 00:00:00.005
2674,2018-01-09 00:00:00.005
2675,2018-01-10 00:00:00.005
2676,2018-01-11 00:00:00.005
2677,2018-01-12 00:00:00.005
